,Batter,Batter Team(s),No. of Innings,Not Outs,Total Runs,Balls Faced,No. of Outs,Batting Average,Strike Rate,Balls Faced per Innings,Balls Faced per Wicket
0,A Ashish Reddy,Sunrisers Hyderabad/Deccan Chargers,22,8,266,181,14,19,146.961326,8.227272727,12.92857143
1,A Badoni,Lucknow Super Giants,22,4,340,268,18,18.88888889,126.8656716,12.18181818,14.88888889
2,A Chandila,Rajasthan Royals,2,2,4,7,0,4,57.14285714,3.5,inf
3,A Chopra,Kolkata Knight Riders,6,0,53,71,6,8.833333333,74.64788732,11.83333333,11.83333333
4,A Choudhary,Royal Challengers Bangalore,3,2,25,20,1,25,125,6.666666667,20
5,A Dananjaya,Mumbai Indians,1,1,4,5,0,4,80,5,inf
6,A Flintoff,Chennai Super Kings,3,1,62,53,2,31,116.9811321,17.66666667,26.5
7,A Kumble,Royal Challengers Bangalore,15,12,35,47,3,11.66666667,74.46808511,3.133333333,15.66666667
8,A Manohar,Gujarat Titans,13,1,222,158,12,18.5,140.5063291,12.15384615,13.16666667
9,A Mishra,Delhi Daredevils/Sunrisers Hyderabad/Deccan Chargers/Delhi Capitals/Lucknow Super Giants,55,24,381,417,31,12.29032258,91.36690647,7.581818182,13.4516129
10,A Mithun,Royal Challengers Bangalore,6,1,34,26,5,6.8,130.7692308,4.333333333,5.2
11,A Mukund,Chennai Super Kings/Royal Challengers Bangalore,2,0,19,22,2,9.5,86.36363636,11,11
12,A Nehra,Chennai Super Kings/Mumbai Indians/Delhi Daredevils/Pune Warriors/Sunrisers Hyderabad,17,10,41,60,7,5.857142857,68.33333333,3.529411765,8.571428571
13,A Nortje,Delhi Capitals,10,6,42,40,4,10.5,105,4,10
14,A Singh,Rajasthan Royals,5,1,2,9,4,0.5,22.22222222,1.8,2.25
15,A Symonds,Deccan Chargers/Mumbai Indians,36,9,974,745,27,36.07407407,130.738255,20.69444444,27.59259259
16,A Tomar,Kolkata Knight Riders,1,0,4,8,1,4,50,8,8
17,A Uniyal,Rajasthan Royals,2,1,4,7,1,4,57.14285714,3.5,7
18,A Zampa,Rising Pune Supergiants/Rajasthan Royals/Rising Pune Supergiant,5,0,15,24,5,3,62.5,4.8,4.8
19,AA Bilakhia,Deccan Chargers,7,2,69,84,5,13.8,82.14285714,12,16.8
20,AA Chavan,Rajasthan Royals,3,1,12,11,2,6,109.0909091,3.666666667,5.5
21,AA Jhunjhunwala,Rajasthan Royals/Deccan Chargers/Pune Warriors,15,2,217,209,13,16.69230769,103.8277512,13.93333333,16.07692308
22,AA Noffke,Royal Challengers Bangalore,1,0,9,10,1,9,90,10,10
23,AB Agarkar,Kolkata Knight Riders/Delhi Daredevils,17,7,178,150,10,17.8,118.6666667,8.823529412,15
24,AB Barath,Kings XI Punjab,3,1,42,42,2,21,100,14,21
25,AB Dinda,Pune Warriors/Royal Challengers Bangalore/Kolkata Knight Riders/Rising Pune Supergiant/Delhi Daredevils,16,6,26,48,10,2.6,54.16666667,3,4.8
26,AB McDonald,Delhi Daredevils/Royal Challengers Bangalore,8,4,123,98,4,30.75,125.5102041,12.25,24.5
27,AB de Villiers,Delhi Daredevils/Royal Challengers Bangalore,166,39,5001,3288,127,39.37795276,152.0985401,19.80722892,25.88976378
28,AC Blizzard,Mumbai Indians,7,0,120,90,7,17.14285714,133.3333333,12.85714286,12.85714286
29,AC Gilchrist,Deccan Chargers/Kings XI Punjab,80,4,2069,1483,76,27.22368421,139.5144976,18.5375,19.51315789
30,AC Thomas,Pune Warriors,4,2,20,19,2,10,105.2631579,4.75,9.5
31,AC Voges,Rajasthan Royals,7,3,181,143,4,45.25,126.5734266,20.42857143,35.75
32,AD Hales,Sunrisers Hyderabad,6,0,148,117,6,24.66666667,126.4957265,19.5,19.5
33,AD Mascarenhas,Kings XI Punjab/Rajasthan Royals,10,2,52,50,8,6.5,104,5,6.25
34,AD Mathews,Pune Warriors/Kolkata Knight Riders/Delhi Daredevils,40,10,723,570,30,24.1,126.8421053,14.25,19
35,AD Nath,Gujarat Lions/Royal Challengers Bangalore/Kings XI Punjab,10,0,90,98,10,9,91.83673469,9.8,9.8
36,AD Russell,Kolkata Knight Riders/Delhi Daredevils,93,17,2191,1250,76,28.82894737,175.28,13.44086022,16.44736842
37,AF Milne,Mumbai Indians/Royal Challengers Bangalore,6,2,23,29,4,5.75,79.31034483,4.833333333,7.25
38,AG Murtaza,Pune Warriors/Mumbai Indians,3,2,10,14,1,10,71.42857143,4.666666667,14
39,AG Paunikar,Rajasthan Royals,5,0,49,55,5,9.8,89.09090909,11,11
40,AJ Finch,Kings XI Punjab/Gujarat Lions/Sunrisers Hyderabad/Pune Warriors/Delhi Daredevils/Royal Challengers Bangalore/Mumbai Indians/Kolkata Knight Riders/Rajasthan Royals,88,6,2039,1585,82,24.86585366,128.6435331,18.01136364,19.32926829
41,AJ Hosein,Sunrisers Hyderabad,1,1,16,10,0,16,160,10,inf
42,AJ Turner,Rajasthan Royals,4,1,3,10,3,1,30,2.5,3.333333333
43,AJ Tye,Kings XI Punjab/Gujarat Lions/Rajasthan Royals,12,4,66,64,8,8.25,103.125,5.333333333,8
44,AK Markram,Sunrisers Hyderabad/Punjab Kings,31,7,775,589,24,32.29166667,131.5789474,19,24.54166667
45,AL Menaria,Rajasthan Royals,23,2,401,354,21,19.0952381,113.2768362,15.39130435,16.85714286
46,AM Nayar,Mumbai Indians/Rajasthan Royals/Kings XI Punjab/Pune Warriors,50,12,672,573,38,17.68421053,117.2774869,11.46,15.07894737
47,AM Rahane,Chennai Super Kings/Rajasthan Royals/Rising Pune Supergiants/Kolkata Knight Riders/Rising Pune Supergiant/Delhi Capitals/Mumbai Indians,157,17,4254,3448,140,30.38571429,123.3758701,21.96178344,24.62857143
48,AN Ahmed,Royal Challengers Bangalore/Mumbai Indians,6,5,36,26,1,36,138.4615385,4.333333333,26
49,AN Ghosh,Kolkata Knight Riders,2,0,7,8,2,3.5,87.5,4,4
50,AP Dole,Rajasthan Royals,2,0,34,22,2,17,154.5454545,11,11
51,AP Majumdar,Pune Warriors,4,0,87,76,4,21.75,114.4736842,19,19
52,AP Tare,Sunrisers Hyderabad/Mumbai Indians/Delhi Daredevils,27,3,339,272,24,14.125,124.6323529,10.07407407,11.33333333
53,AR Bawne,Delhi Daredevils,1,1,12,12,0,12,100,12,inf
54,AR Patel,Delhi Capitals/Kings XI Punjab,98,30,1400,1064,68,20.58823529,131.5789474,10.85714286,15.64705882
55,AS Joseph,Gujarat Titans/Mumbai Indians,5,4,27,32,1,27,84.375,6.4,32
56,AS Rajpoot,Kings XI Punjab/Rajasthan Royals/Kolkata Knight Riders/Chennai Super Kings,7,2,26,41,5,5.2,63.41463415,5.857142857,8.2
57,AS Raut,Rajasthan Royals,15,6,173,154,9,19.22222222,112.3376623,10.26666667,17.11111111
58,AS Roy,Kolkata Knight Riders,5,2,23,21,3,7.666666667,109.5238095,4.2,7
59,AS Yadav,Deccan Chargers,6,1,49,39,5,9.8,125.6410256,6.5,7.8
60,AT Carey,Delhi Capitals,3,1,32,29,2,16,110.3448276,9.666666667,14.5
61,AT Rayudu,Mumbai Indians/Chennai Super Kings,185,30,4348,3391,155,28.0516129,128.2217635,18.32972973,21.87741935
62,AU Rashid,Sunrisers Hyderabad,2,0,22,15,2,11,146.6666667,7.5,7.5
63,AUK Pathan,Royal Challengers Bangalore,7,2,39,23,5,7.8,169.5652174,3.285714286,4.6
64,Abdul Basith,Rajasthan Royals,1,1,1,1,0,1,100,1,inf
65,Abdul Samad,Sunrisers Hyderabad,26,7,372,269,19,19.57894737,138.2899628,10.34615385,14.15789474
66,Abdur Razzak,Royal Challengers Bangalore,1,1,0,2,0,0,0,2,inf
67,Abhishek Sharma,Sunrisers Hyderabad/Delhi Daredevils,43,6,886,639,37,23.94594595,138.6541471,14.86046512,17.27027027
68,Abishek Porel,Delhi Capitals,4,0,33,31,4,8.25,106.4516129,7.75,7.75
69,Akash Deep,Royal Challengers Bangalore,2,0,17,10,2,8.5,170,5,5
70,Aman Hakim Khan,Delhi Capitals/Kolkata Knight Riders,10,1,115,104,9,12.77777778,110.5769231,10.4,11.55555556
71,Anirudh Singh,Deccan Chargers,4,0,63,66,4,15.75,95.45454545,16.5,16.5
72,Ankit Sharma,Rajasthan Royals/Deccan Chargers/Rising Pune Supergiants/Rising Pune Supergiant,10,3,87,67,7,12.42857143,129.8507463,6.7,9.571428571
73,Ankit Soni,Gujarat Lions,2,0,0,7,2,0,0,3.5,3.5
74,Anmolpreet Singh,Mumbai Indians/Sunrisers Hyderabad,7,0,134,109,7,19.14285714,122.9357798,15.57142857,15.57142857
75,Anuj Rawat,Royal Challengers Bangalore/Rajasthan Royals,16,4,220,190,12,18.33333333,115.7894737,11.875,15.83333333
76,Anureet Singh,Kings XI Punjab/Rajasthan Royals,8,4,36,47,4,9,76.59574468,5.875,11.75
77,Arjun Tendulkar,Mumbai Indians,1,0,13,9,1,13,144.4444444,9,9
78,Arshad Khan,Mumbai Indians,3,1,18,15,2,9,120,5,7.5
79,Arshdeep Singh,Punjab Kings/Kings XI Punjab,10,6,25,37,4,6.25,67.56756757,3.7,9.25
80,Atharva Taide,Punjab Kings,7,0,186,129,7,26.57142857,144.1860465,18.42857143,18.42857143
81,Avesh Khan,Delhi Capitals/Lucknow Super Giants,7,5,31,20,2,15.5,155,2.857142857,10
82,Azhar Mahmood,Kings XI Punjab/Kolkata Knight Riders,21,2,388,303,19,20.42105263,128.0528053,14.42857143,15.94736842
83,B Akhil,Royal Challengers Bangalore/Kochi Tuskers Kerala,11,5,76,55,6,12.66666667,138.1818182,5,9.166666667
84,B Chipli,Royal Challengers Bangalore/Deccan Chargers/Delhi Daredevils,21,6,280,250,15,18.66666667,112,11.9047619,16.66666667
85,B Indrajith,Kolkata Knight Riders,3,0,21,30,3,7,70,10,10
86,B Kumar,Sunrisers Hyderabad/Pune Warriors,60,28,283,296,32,8.84375,95.60810811,4.933333333,9.25
87,B Laughlin,Chennai Super Kings/Rajasthan Royals,4,2,5,13,2,2.5,38.46153846,3.25,6.5
88,B Lee,Kolkata Knight Riders/Kings XI Punjab,19,9,124,96,10,12.4,129.1666667,5.052631579,9.6
89,B Sai Sudharsan,Gujarat Titans,13,2,507,366,11,46.09090909,138.5245902,28.15384615,33.27272727
90,B Stanlake,Sunrisers Hyderabad,1,1,5,2,0,5,250,2,inf
91,B Sumanth,Deccan Chargers,4,3,35,37,1,35,94.59459459,9.25,37
92,BA Bhatt,Kings XI Punjab,2,1,6,7,1,6,85.71428571,3.5,7
93,BA Stokes,Rajasthan Royals/Chennai Super Kings/Rising Pune Supergiant,43,5,935,695,38,24.60526316,134.5323741,16.1627907,18.28947368
94,BAW Mendis,Kolkata Knight Riders/Pune Warriors,3,1,3,6,2,1.5,50,2,3
95,BB McCullum,Kochi Tuskers Kerala/Chennai Super Kings/Kolkata Knight Riders/Gujarat Lions/Royal Challengers Bangalore,107,5,2871,2159,102,28.14705882,132.9782307,20.17757009,21.16666667
96,BB Samantray,Deccan Chargers/Sunrisers Hyderabad,8,3,125,113,5,25,110.619469,14.125,22.6
97,BB Sran,Kings XI Punjab/Sunrisers Hyderabad/Mumbai Indians,7,6,10,13,1,10,76.92307692,1.857142857,13
98,BCJ Cutting,Mumbai Indians/Sunrisers Hyderabad/Rajasthan Royals,17,6,238,141,11,21.63636364,168.7943262,8.294117647,12.81818182
99,BE Hendricks,Kings XI Punjab,2,1,1,3,1,1,33.33333333,1.5,3
100,BJ Haddin,Kolkata Knight Riders,1,0,18,11,1,18,163.6363636,11,11
101,BJ Hodge,Kochi Tuskers Kerala/Kolkata Knight Riders/Rajasthan Royals,62,21,1395,1105,41,34.02439024,126.2443439,17.82258065,26.95121951
102,BJ Rohrer,Delhi Daredevils,7,2,179,126,5,35.8,142.0634921,18,25.2
103,BMAJ Mendis,Delhi Daredevils,3,0,23,27,3,7.666666667,85.18518519,9,9
104,BR Dunk,Mumbai Indians,3,0,40,35,3,13.33333333,114.2857143,11.66666667,11.66666667
105,Basil Thampi,Sunrisers Hyderabad/Gujarat Lions,6,5,30,31,1,30,96.77419355,5.166666667,31
106,Bipul Sharma,Kings XI Punjab/Sunrisers Hyderabad,17,9,187,123,8,23.375,152.0325203,7.235294118,15.375
107,C Green,Mumbai Indians,16,7,452,279,9,50.22222222,162.0071685,17.4375,31
108,C Madan,Mumbai Indians,1,0,15,18,1,15,83.33333333,18,18
109,C Munro,Delhi Capitals/Kolkata Knight Riders/Delhi Daredevils,11,-1,177,141,12,14.75,125.5319149,12.81818182,11.75
110,C Nanda,Mumbai Indians,1,0,0,1,1,0,0,1,1
111,C Sakariya,Rajasthan Royals/Delhi Capitals,7,1,20,30,6,3.333333333,66.66666667,4.285714286,5
112,C de Grandhomme,Royal Challengers Bangalore/Kolkata Knight Riders,21,5,303,224,16,18.9375,135.2678571,10.66666667,14
113,CA Ingram,Delhi Capitals/Delhi Daredevils,13,2,182,161,11,16.54545455,113.0434783,12.38461538,14.63636364
114,CA Lynn,Kolkata Knight Riders/Deccan Chargers/Mumbai Indians,41,3,1309,923,38,34.44736842,141.8201517,22.51219512,24.28947368
115,CA Pujara,Kings XI Punjab/Royal Challengers Bangalore/Kolkata Knight Riders,22,3,390,390,19,20.52631579,100,17.72727273,20.52631579
116,CH Gayle,Royal Challengers Bangalore/Kolkata Knight Riders/Kings XI Punjab/Punjab Kings,135,15,4875,3244,120,40.625,150.2774353,24.02962963,27.03333333
117,CH Morris,Chennai Super Kings/Delhi Capitals/Delhi Daredevils/Rajasthan Royals/Royal Challengers Bangalore,49,21,618,397,28,22.07142857,155.6675063,8.102040816,14.17857143
118,CJ Anderson,Mumbai Indians/Delhi Daredevils/Royal Challengers Bangalore,29,7,538,421,22,24.45454545,127.7909739,14.51724138,19.13636364
119,CJ Ferguson,Pune Warriors,8,2,98,117,6,16.33333333,83.76068376,14.625,19.5
120,CJ Jordan,Kings XI Punjab/Mumbai Indians/Chennai Super Kings/Punjab Kings/Sunrisers Hyderabad/Royal Challengers Bangalore,10,2,63,63,8,7.875,100,6.3,7.875
121,CJ McKay,Mumbai Indians,1,0,8,15,1,8,53.33333333,15,15
122,CK Kapugedera,Chennai Super Kings,3,0,16,22,3,5.333333333,72.72727273,7.333333333,7.333333333
123,CK Langeveldt,Kolkata Knight Riders/Royal Challengers Bangalore,2,0,8,9,2,4,88.88888889,4.5,4.5
124,CL White,Deccan Chargers/Royal Challengers Bangalore/Sunrisers Hyderabad,44,9,949,743,35,27.11428571,127.7254374,16.88636364,21.22857143
125,CM Gautam,Mumbai Indians/Delhi Daredevils,13,3,169,149,10,16.9,113.4228188,11.46153846,14.9
126,CR Brathwaite,Delhi Daredevils/Kolkata Knight Riders/Sunrisers Hyderabad,14,1,181,110,13,13.92307692,164.5454545,7.857142857,8.461538462
127,CR Woakes,Kolkata Knight Riders/Royal Challengers Bangalore/Delhi Capitals,12,6,78,77,6,13,101.2987013,6.416666667,12.83333333
128,CRD Fernando,Mumbai Indians,2,2,4,3,0,4,133.3333333,1.5,inf
129,CV Varun,Kolkata Knight Riders,10,6,25,46,4,6.25,54.34782609,4.6,11.5
130,D Brevis,Mumbai Indians,7,0,161,113,7,23,142.4778761,16.14285714,16.14285714
131,D Kalyankrishna,Deccan Chargers,1,0,3,8,1,3,37.5,8,8
132,D Padikkal,Rajasthan Royals/Royal Challengers Bangalore,56,2,1467,1170,54,27.16666667,125.3846154,20.89285714,21.66666667
133,D Pretorius,Chennai Super Kings,5,1,44,28,4,11,157.1428571,5.6,7
134,D Salunkhe,Rajasthan Royals,3,1,33,24,2,16.5,137.5,8,12
135,D Wiese,Kolkata Knight Riders/Royal Challengers Bangalore,10,6,137,92,4,34.25,148.9130435,9.2,23
136,D du Preez,Royal Challengers Bangalore,1,0,10,13,1,10,76.92307692,13,13
137,DA Miller,Gujarat Titans/Kings XI Punjab/Rajasthan Royals,113,39,2660,1923,74,35.94594595,138.325533,17.01769912,25.98648649
138,DA Warner,Delhi Daredevils/Sunrisers Hyderabad/Delhi Capitals,172,21,6310,4487,151,41.78807947,140.6284823,26.0872093,29.71523179
139,DAJ Bracewell,Delhi Daredevils,1,1,12,9,0,12,133.3333333,9,inf
140,DB Das,Kolkata Knight Riders,22,8,304,260,14,21.71428571,116.9230769,11.81818182,18.57142857
141,DB Ravi Teja,Deccan Chargers/Sunrisers Hyderabad,25,6,375,315,19,19.73684211,119.047619,12.6,16.57894737
142,DE Bollinger,Chennai Super Kings,4,3,21,22,1,21,95.45454545,5.5,22
143,DG Nalkande,Gujarat Titans,1,0,0,1,1,0,0,1,1
144,DH Yagnik,Rajasthan Royals,17,7,170,133,10,17,127.8195489,7.823529412,13.3
145,DJ Bravo,Chennai Super Kings/Mumbai Indians/Gujarat Lions,110,41,1560,1196,69,22.60869565,130.4347826,10.87272727,17.33333333
146,DJ Harris,Deccan Chargers,4,0,111,101,4,27.75,109.9009901,25.25,25.25
147,DJ Hooda,Rajasthan Royals/Sunrisers Hyderabad/Lucknow Super Giants/Kings XI Punjab/Punjab Kings,85,14,1278,996,71,18,128.313253,11.71764706,14.02816901
148,DJ Hussey,Kings XI Punjab/Kolkata Knight Riders/Chennai Super Kings,61,12,1322,1070,49,26.97959184,123.5514019,17.54098361,21.83673469
149,DJ Jacobs,Mumbai Indians,7,0,92,98,7,13.14285714,93.87755102,14,14
150,DJ Malan,Punjab Kings,1,0,26,26,1,26,100,26,26
151,DJ Mitchell,Rajasthan Royals,2,0,33,44,2,16.5,75,22,22
152,DJ Muthuswami,Delhi Daredevils,1,0,1,3,1,1,33.33333333,3,3
153,DJ Thornely,Mumbai Indians,4,1,39,53,3,13,73.58490566,13.25,17.66666667
154,DJ Willey,Royal Challengers Bangalore,5,3,53,62,2,26.5,85.48387097,12.4,31
155,DJG Sammy,Sunrisers Hyderabad/Royal Challengers Bangalore,20,5,295,241,15,19.66666667,122.406639,12.05,16.06666667
156,DJM Short,Rajasthan Royals,7,0,115,99,7,16.42857143,116.1616162,14.14285714,14.14285714
157,DL Chahar,Chennai Super Kings/Rising Pune Supergiant,12,5,80,59,7,11.42857143,135.5932203,4.916666667,8.428571429
158,DL Vettori,Delhi Daredevils/Royal Challengers Bangalore,16,8,121,112,8,15.125,108.0357143,7,14
159,DM Bravo,Kolkata Knight Riders,1,1,6,5,0,6,120,5,inf
160,DNT Zoysa,Deccan Chargers,2,1,11,9,1,11,122.2222222,4.5,9
161,DP Conway,Chennai Super Kings,22,3,924,651,19,48.63157895,141.9354839,29.59090909,34.26315789
162,DP Nannes,Delhi Daredevils,2,1,4,13,1,4,30.76923077,6.5,13
163,DP Vijaykumar,Deccan Chargers,1,1,1,1,0,1,100,1,inf
164,DPMD Jayawardene,Kings XI Punjab/Kochi Tuskers Kerala/Delhi Daredevils,76,15,1771,1424,61,29.03278689,124.3679775,18.73684211,23.3442623
165,DR Martyn,Rajasthan Royals,1,0,19,24,1,19,79.16666667,24,24
166,DR Sams,Mumbai Indians/Royal Challengers Bangalore/Delhi Capitals,13,4,44,44,9,4.888888889,100,3.384615385,4.888888889
167,DR Shorey,Chennai Super Kings,2,0,13,17,2,6.5,76.47058824,8.5,8.5
168,DR Smith,Chennai Super Kings/Deccan Chargers/Mumbai Indians/Gujarat Lions,88,4,2385,1755,84,28.39285714,135.8974359,19.94318182,20.89285714
169,DS Kulkarni,Rajasthan Royals/Gujarat Lions/Mumbai Indians,20,11,104,108,9,11.55555556,96.2962963,5.4,12
170,DS Lehmann,Rajasthan Royals,2,0,18,18,2,9,100,9,9
171,DT Christian,Royal Challengers Bangalore/Deccan Chargers/Rising Pune Supergiant/Delhi Daredevils,41,10,460,394,31,14.83870968,116.751269,9.609756098,12.70967742
172,DT Patil,Royal Challengers Bangalore,2,0,13,13,2,6.5,100,6.5,6.5
173,DW Steyn,Sunrisers Hyderabad/Deccan Chargers/Royal Challengers Bangalore/Gujarat Lions,32,10,164,157,22,7.454545455,104.4585987,4.90625,7.136363636
174,Dhruv Jurel,Rajasthan Royals,11,4,152,88,7,21.71428571,172.7272727,8,12.57142857
175,E Lewis,Lucknow Super Giants/Mumbai Indians/Rajasthan Royals,25,2,653,471,23,28.39130435,138.641189,18.84,20.47826087
176,EJG Morgan,Kolkata Knight Riders/Sunrisers Hyderabad/Kings XI Punjab/Royal Challengers Bangalore,73,12,1371,1122,61,22.47540984,122.1925134,15.36986301,18.39344262
177,ER Dwivedi,Gujarat Lions,2,0,24,14,2,12,171.4285714,7,7
178,F Behardien,Kings XI Punjab,3,1,14,13,2,7,107.6923077,4.333333333,6.5
179,F du Plessis,Chennai Super Kings/Rising Pune Supergiants/Royal Challengers Bangalore/Rising Pune Supergiant,123,11,4133,3074,112,36.90178571,134.4502277,24.99186992,27.44642857
180,FA Allen,Mumbai Indians/Punjab Kings,3,1,14,18,2,7,77.77777778,6,9
181,FH Edwards,Deccan Chargers,2,1,4,5,1,4,80,2.5,5
182,FY Fazal,Rajasthan Royals,11,1,183,172,10,18.3,106.3953488,15.63636364,17.2
183,Fazalhaq Farooqi,Sunrisers Hyderabad,2,2,3,13,0,3,23.07692308,6.5,inf
184,G Gambhir,Delhi Daredevils/Kolkata Knight Riders,150,15,4172,3350,135,30.9037037,124.5373134,22.33333333,24.81481481
185,GB Hogg,Kolkata Knight Riders/Rajasthan Royals,4,1,22,22,3,7.333333333,100,5.5,7.333333333
186,GC Smith,Rajasthan Royals/Pune Warriors,28,3,724,643,25,28.96,112.5972006,22.96428571,25.72
187,GC Viljoen,Kings XI Punjab,3,1,3,7,2,1.5,42.85714286,2.333333333,3.5
188,GD McGrath,Delhi Daredevils,2,1,4,5,1,4,80,2.5,5
189,GD Phillips,Sunrisers Hyderabad/Rajasthan Royals,8,1,65,54,7,9.285714286,120.3703704,6.75,7.714285714
190,GH Vihari,Sunrisers Hyderabad/Delhi Capitals,21,2,238,270,19,12.52631579,88.14814815,12.85714286,14.21052632
191,GHS Garton,Royal Challengers Bangalore,2,1,2,4,1,2,50,2,4
192,GJ Bailey,Kings XI Punjab/Rising Pune Supergiants/Chennai Super Kings,36,9,663,541,27,24.55555556,122.5508318,15.02777778,20.03703704
193,GJ Maxwell,Kings XI Punjab/Delhi Daredevils/Royal Challengers Bangalore/Mumbai Indians,116,16,2717,1705,100,27.17,159.3548387,14.69827586,17.05
194,GR Napier,Mumbai Indians,1,0,15,16,1,15,93.75,16,16
195,Gurkeerat Singh,Kings XI Punjab/Royal Challengers Bangalore,31,8,505,419,23,21.95652174,120.5250597,13.51612903,18.2173913
196,H Das,Deccan Chargers,1,0,2,5,1,2,40,5,5
197,H Klaasen,Rajasthan Royals/Sunrisers Hyderabad/Royal Challengers Bangalore,16,3,508,301,13,39.07692308,168.7707641,18.8125,23.15384615
198,HC Brook,Sunrisers Hyderabad,11,2,190,153,9,21.11111111,124.1830065,13.90909091,17
199,HE van der Dussen,Rajasthan Royals,3,1,22,24,2,11,91.66666667,8,12
200,HF Gurney,Kolkata Knight Riders,1,1,1,5,0,1,20,5,inf
201,HH Gibbs,Deccan Chargers/Mumbai Indians,36,4,886,805,32,27.6875,110.0621118,22.36111111,25.15625
202,HH Pandya,Mumbai Indians/Gujarat Titans,111,39,2264,1541,72,31.44444444,146.917586,13.88288288,21.40277778
203,HM Amla,Kings XI Punjab,16,3,577,406,13,44.38461538,142.1182266,25.375,31.23076923
204,HR Shokeen,Mumbai Indians,5,2,66,65,3,22,101.5384615,13,21.66666667
205,HV Patel,Royal Challengers Bangalore/Delhi Daredevils/Delhi Capitals,32,9,230,182,23,10,126.3736264,5.6875,7.913043478
206,Harbhajan Singh,Mumbai Indians/Chennai Super Kings/Kolkata Knight Riders,87,33,833,598,54,15.42592593,139.2976589,6.873563218,11.07407407
207,Harmeet Singh,Kings XI Punjab/Deccan Chargers,4,0,18,12,4,4.5,150,3,3
208,Harpreet Brar,Punjab Kings/Kings XI Punjab,17,8,158,136,9,17.55555556,116.1764706,8,15.11111111
209,Harpreet Singh,Pune Warriors/Punjab Kings,6,1,96,84,5,19.2,114.2857143,14,16.8
210,Harshit Rana,Kolkata Knight Riders,3,1,2,3,2,1,66.66666667,1,1.5
211,I Malhotra,Deccan Chargers,1,1,7,4,0,7,175,4,inf
212,I Sharma,Deccan Chargers/Kolkata Knight Riders/Kings XI Punjab/Delhi Capitals,18,13,55,61,5,11,90.16393443,3.388888889,12.2
213,I Udana,Royal Challengers Bangalore,4,1,15,11,3,5,136.3636364,2.75,3.666666667
214,IC Pandey,Pune Warriors,1,0,0,2,1,0,0,2,2
215,IK Pathan,Delhi Daredevils/Rising Pune Supergiants/Kings XI Punjab/Sunrisers Hyderabad,79,28,1079,900,51,21.15686275,119.8888889,11.39240506,17.64705882
216,IR Jaggi,Deccan Chargers/Kolkata Knight Riders,7,2,76,97,5,15.2,78.35051546,13.85714286,19.4
217,IS Sodhi,Rajasthan Royals,2,0,7,17,2,3.5,41.17647059,8.5,8.5
218,Imran Tahir,Chennai Super Kings/Delhi Daredevils/Rising Pune Supergiant,8,4,33,37,4,8.25,89.18918919,4.625,9.25
219,Iqbal Abdulla,Kolkata Knight Riders/Royal Challengers Bangalore,13,11,88,82,2,44,107.3170732,6.307692308,41
220,Ishan Kishan,Mumbai Indians/Gujarat Lions,82,6,2170,1624,76,28.55263158,133.6206897,19.80487805,21.36842105
221,J Arunkumar,Royal Challengers Bangalore,3,0,23,23,3,7.666666667,100,7.666666667,7.666666667
222,J Botha,Rajasthan Royals/Delhi Daredevils/Kolkata Knight Riders,28,8,409,358,20,20.45,114.2458101,12.78571429,17.9
223,J Suchith,Mumbai Indians/Sunrisers Hyderabad/Delhi Capitals,8,4,56,55,4,14,101.8181818,6.875,13.75
224,J Syed Mohammad,Royal Challengers Bangalore,4,3,28,24,1,28,116.6666667,6,24
225,J Theron,Rajasthan Royals/Deccan Chargers/Kings XI Punjab,3,2,10,11,1,10,90.90909091,3.666666667,11
226,J Yadav,Mumbai Indians/Delhi Daredevils,4,0,40,36,4,10,111.1111111,9,9
227,JA Morkel,Delhi Daredevils/Chennai Super Kings/Rising Pune Supergiants/Royal Challengers Bangalore,66,26,962,670,40,24.05,143.5820896,10.15151515,16.75
228,JA Richardson,Punjab Kings,2,0,15,24,2,7.5,62.5,12,12
229,JC Archer,Rajasthan Royals/Mumbai Indians,23,10,199,123,13,15.30769231,161.7886179,5.347826087,9.461538462
230,JC Buttler,Rajasthan Royals/Mumbai Indians,94,10,3214,2156,84,38.26190476,149.0723562,22.93617021,25.66666667
231,JD Ryder,Pune Warriors/Royal Challengers Bangalore,29,1,604,455,28,21.57142857,132.7472527,15.68965517,16.25
232,JD Unadkat,Mumbai Indians/Rajasthan Royals/Royal Challengers Bangalore/Rising Pune Supergiant/Lucknow Super Giants/Delhi Daredevils,21,8,172,139,13,13.23076923,123.7410072,6.619047619,10.69230769
233,JDP Oram,Chennai Super Kings/Rajasthan Royals,11,3,106,107,8,13.25,99.06542056,9.727272727,13.375
234,JDS Neesham,Kings XI Punjab/Mumbai Indians/Delhi Daredevils/Rajasthan Royals,10,1,92,93,9,10.22222222,98.92473118,9.3,10.33333333
235,JE Root,Rajasthan Royals,1,0,10,15,1,10,66.66666667,15,15
236,JE Taylor,Pune Warriors,2,1,3,3,1,3,100,1.5,3
237,JEC Franklin,Mumbai Indians,16,5,327,300,11,29.72727273,109,18.75,27.27272727
238,JH Kallis,Kolkata Knight Riders/Royal Challengers Bangalore,94,10,2414,2197,84,28.73809524,109.8771051,23.37234043,26.1547619
239,JJ Bumrah,Mumbai Indians,21,15,56,64,6,9.333333333,87.5,3.047619048,10.66666667
240,JJ Roy,Kolkata Knight Riders/Sunrisers Hyderabad/Delhi Daredevils/Gujarat Lions,21,2,614,441,19,32.31578947,139.2290249,21,23.21052632
241,JJ van der Wath,Royal Challengers Bangalore,3,1,18,16,2,9,112.5,5.333333333,8
242,JL Denly,Kolkata Knight Riders,1,0,0,1,1,0,0,1,1
243,JL Pattinson,Mumbai Indians,2,1,15,13,1,15,115.3846154,6.5,13
244,JM Bairstow,Punjab Kings/Sunrisers Hyderabad,37,3,1217,855,34,35.79411765,142.3391813,23.10810811,25.14705882
245,JM Kemp,Chennai Super Kings,2,0,26,24,2,13,108.3333333,12,12
246,JM Sharma,Punjab Kings,24,3,543,339,21,25.85714286,160.1769912,14.125,16.14285714
247,JO Holder,Kolkata Knight Riders/Sunrisers Hyderabad/Rajasthan Royals/Lucknow Super Giants,27,6,259,209,21,12.33333333,123.923445,7.740740741,9.952380952
248,JP Behrendorff,Mumbai Indians,2,2,6,9,0,6,66.66666667,4.5,inf
249,JP Duminy,Delhi Daredevils/Deccan Chargers/Mumbai Indians,74,23,1962,1588,51,38.47058824,123.5516373,21.45945946,31.1372549
250,JP Faulkner,Rajasthan Royals/Kings XI Punjab/Gujarat Lions,42,19,503,355,23,21.86956522,141.6901408,8.452380952,15.43478261
251,JPR Scantlebury-Searles,Kolkata Knight Riders,2,1,8,6,1,8,133.3333333,3,6
252,JR Hazlewood,Royal Challengers Bangalore,6,6,19,28,0,19,67.85714286,4.666666667,inf
253,JR Hopes,Kings XI Punjab/Delhi Daredevils,19,3,417,305,16,26.0625,136.7213115,16.05263158,19.0625
254,JR Philippe,Royal Challengers Bangalore,5,1,78,77,4,19.5,101.2987013,15.4,19.25
255,Jaskaran Singh,Deccan Chargers,4,3,8,11,1,8,72.72727273,2.75,11
256,Joginder Sharma,Chennai Super Kings,5,1,36,30,4,9,120,6,7.5
257,K Goel,Kings XI Punjab,16,1,218,231,15,14.53333333,94.37229437,14.4375,15.4
258,K Gowtham,Rajasthan Royals/Lucknow Super Giants/Kings XI Punjab,25,9,226,130,16,14.125,173.8461538,5.2,8.125
259,K Kartikeya,Mumbai Indians,2,0,9,12,2,4.5,75,6,6
260,K Rabada,Delhi Capitals/Delhi Daredevils/Punjab Kings,25,9,186,178,16,11.625,104.494382,7.12,11.125
261,K Upadhyay,Pune Warriors,2,2,12,9,0,12,133.3333333,4.5,inf
262,K Yadav,Rajasthan Royals,1,1,0,4,0,0,0,4,inf
263,KA Jamieson,Royal Challengers Bangalore,7,3,65,55,4,16.25,118.1818182,7.857142857,13.75
264,KA Pollard,Mumbai Indians,164,47,3293,2246,117,28.14529915,146.6162066,13.69512195,19.1965812
265,KAJ Roach,Deccan Chargers,1,0,10,9,1,10,111.1111111,9,9
266,KB Arun Karthik,Royal Challengers Bangalore/Chennai Super Kings,6,3,46,45,3,15.33333333,102.2222222,7.5,15
267,KC Cariappa,Kings XI Punjab/Kolkata Knight Riders,5,2,24,21,3,8,114.2857143,4.2,7
268,KC Sangakkara,Kings XI Punjab/Deccan Chargers/Sunrisers Hyderabad,66,3,1656,1352,63,26.28571429,122.4852071,20.48484848,21.46031746
269,KD Karthik,Mumbai Indians/Delhi Daredevils/Kolkata Knight Riders/Royal Challengers Bangalore/Gujarat Lions/Kings XI Punjab,216,44,4408,3318,172,25.62790698,132.8511151,15.36111111,19.29069767
270,KH Pandya,Mumbai Indians/Lucknow Super Giants,92,24,1442,1079,68,21.20588235,133.6422614,11.72826087,15.86764706
271,KJ Abbott,Kings XI Punjab,3,2,13,8,1,13,162.5,2.666666667,8
272,KK Ahmed,Delhi Capitals/Sunrisers Hyderabad,5,0,1,7,5,0.2,14.28571429,1.4,1.4
273,KK Cooper,Rajasthan Royals,12,3,116,67,9,12.88888889,173.1343284,5.583333333,7.444444444
274,KK Nair,Rajasthan Royals/Kings XI Punjab/Royal Challengers Bangalore/Delhi Daredevils,64,5,1460,1139,59,24.74576271,128.1826163,17.796875,19.30508475
275,KL Nagarkoti,Kolkata Knight Riders,7,3,22,33,4,5.5,66.66666667,4.714285714,8.25
276,KL Rahul,Lucknow Super Giants/Kings XI Punjab/Punjab Kings/Sunrisers Hyderabad/Royal Challengers Bangalore,105,19,4053,3006,86,47.12790698,134.8303393,28.62857143,34.95348837
277,KM Asif,Rajasthan Royals,1,0,0,2,1,0,0,2,2
278,KM Jadhav,Kochi Tuskers Kerala/Delhi Daredevils/Royal Challengers Bangalore/Chennai Super Kings/Sunrisers Hyderabad,78,26,1170,943,52,22.5,124.0721103,12.08974359,18.13461538
279,KMA Paul,Delhi Capitals,5,0,18,24,5,3.6,75,4.8,4.8
280,KMDN Kulasekara,Chennai Super Kings,1,1,5,3,0,5,166.6666667,3,inf
281,KP Appanna,Royal Challengers Bangalore,3,2,2,4,1,2,50,1.333333333,4
282,KP Pietersen,Rising Pune Supergiants/Delhi Daredevils/Royal Challengers Bangalore,36,8,1001,742,28,35.75,134.9056604,20.61111111,26.5
283,KR Mayers,Lucknow Super Giants,12,0,365,241,12,30.41666667,151.4522822,20.08333333,20.08333333
284,KR Sen,Rajasthan Royals,1,1,0,3,0,0,0,3,inf
285,KS Bharat,Royal Challengers Bangalore/Delhi Capitals,8,1,199,161,7,28.42857143,123.6024845,20.125,23
286,KS Sharma,Lucknow Super Giants,2,0,7,9,2,3.5,77.77777778,4.5,4.5
287,KS Williamson,Sunrisers Hyderabad,71,15,2003,1585,56,35.76785714,126.3722397,22.32394366,28.30357143
288,KV Sharma,Sunrisers Hyderabad/Mumbai Indians/Royal Challengers Bangalore,36,13,320,279,23,13.91304348,114.6953405,7.75,12.13043478
289,KW Richardson,Rajasthan Royals/Royal Challengers Bangalore/Pune Warriors,4,1,36,39,3,12,92.30769231,9.75,13
290,Kamran Akmal,Rajasthan Royals,6,1,128,77,5,25.6,166.2337662,12.83333333,15.4
291,Kamran Khan,Rajasthan Royals,1,0,3,5,1,3,60,5,5
292,Karanveer Singh,Kings XI Punjab,4,3,12,17,1,12,70.58823529,4.25,17
293,Kartik Tyagi,Rajasthan Royals/Sunrisers Hyderabad,6,2,13,16,4,3.25,81.25,2.666666667,4
294,Kuldeep Yadav,Delhi Capitals/Kolkata Knight Riders,26,17,126,170,9,14,74.11764706,6.538461538,18.88888889
295,L Ablish,Kings XI Punjab,1,1,0,2,0,0,0,2,inf
296,L Balaji,Kolkata Knight Riders/Kings XI Punjab/Chennai Super Kings,13,5,36,49,8,4.5,73.46938776,3.769230769,6.125
297,L Ronchi,Mumbai Indians,5,0,34,34,5,6.8,100,6.8,6.8
298,LA Carseldine,Rajasthan Royals,5,1,81,66,4,20.25,122.7272727,13.2,16.5
299,LA Pomersbach,Kings XI Punjab/Royal Challengers Bangalore,16,5,302,243,11,27.45454545,124.2798354,15.1875,22.09090909
300,LE Plunkett,Delhi Daredevils,2,1,1,3,1,1,33.33333333,1.5,3
301,LH Ferguson,Kolkata Knight Riders/Gujarat Titans/Rising Pune Supergiant,6,4,67,44,2,33.5,152.2727273,7.333333333,22
302,LJ Wright,Pune Warriors,5,0,106,59,5,21.2,179.6610169,11.8,11.8
303,LMP Simmons,Mumbai Indians,29,2,1079,848,27,39.96296296,127.240566,29.24137931,31.40740741
304,LPC Silva,Deccan Chargers,3,1,40,26,2,20,153.8461538,8.666666667,13
305,LR Shukla,Kolkata Knight Riders/Delhi Daredevils,32,6,392,337,26,15.07692308,116.3204748,10.53125,12.96153846
306,LRPL Taylor,Delhi Daredevils/Rajasthan Royals/Pune Warriors/Royal Challengers Bangalore,54,14,1017,818,40,25.425,124.3276284,15.14814815,20.45
307,LS Livingstone,Punjab Kings/Rajasthan Royals,31,3,817,486,28,29.17857143,168.1069959,15.67741935,17.35714286
308,Lalit Yadav,Delhi Capitals,19,5,295,273,14,21.07142857,108.0586081,14.36842105,19.5
309,Liton Das,Kolkata Knight Riders,1,0,4,4,1,4,100,4,4
310,M Ashwin,Mumbai Indians/Royal Challengers Bangalore/Kings XI Punjab/Punjab Kings/Rising Pune Supergiants,12,3,35,50,9,3.888888889,70,4.166666667,5.555555556
311,M Jansen,Sunrisers Hyderabad/Mumbai Indians,10,4,48,53,6,8,90.56603774,5.3,8.833333333
312,M Kaif,Rajasthan Royals/Royal Challengers Bangalore/Kings XI Punjab,21,4,245,233,17,14.41176471,105.1502146,11.0952381,13.70588235
313,M Kartik,Kolkata Knight Riders/Pune Warriors/Royal Challengers Bangalore,13,6,111,105,7,15.85714286,105.7142857,8.076923077,15
314,M Klinger,Kochi Tuskers Kerala,4,0,73,75,4,18.25,97.33333333,18.75,18.75
315,M Manhas,Chennai Super Kings/Delhi Daredevils/Pune Warriors,38,15,514,470,23,22.34782609,109.3617021,12.36842105,20.43478261
316,M Markande,Mumbai Indians/Sunrisers Hyderabad,10,7,48,42,3,16,114.2857143,4.2,14
317,M Morkel,Delhi Daredevils/Kolkata Knight Riders/Rajasthan Royals,20,9,126,89,11,11.45454545,141.5730337,4.45,8.090909091
318,M Muralitharan,Royal Challengers Bangalore/Kochi Tuskers Kerala/Chennai Super Kings,9,3,20,29,6,3.333333333,68.96551724,3.222222222,4.833333333
319,M Ntini,Chennai Super Kings,2,1,11,18,1,11,61.11111111,9,18
320,M Prasidh Krishna,Kolkata Knight Riders/Rajasthan Royals,7,4,9,24,3,3,37.5,3.428571429,8
321,M Rawat,Rajasthan Royals/Pune Warriors,11,6,55,69,5,11,79.71014493,6.272727273,13.8
322,M Shahrukh Khan,Punjab Kings,30,9,426,315,21,20.28571429,135.2380952,10.5,15
323,M Theekshana,Chennai Super Kings,2,1,7,7,1,7,100,3.5,7
324,M Vijay,Chennai Super Kings/Kings XI Punjab/Delhi Daredevils,103,4,2598,2126,99,26.24242424,122.201317,20.6407767,21.47474747
325,M Vohra,Kings XI Punjab/Rajasthan Royals/Royal Challengers Bangalore/Lucknow Super Giants,50,2,1073,817,48,22.35416667,131.3341493,16.34,17.02083333
326,M de Lange,Mumbai Indians,1,0,1,2,1,1,50,2,2
327,MA Agarwal,Punjab Kings/Delhi Daredevils/Sunrisers Hyderabad/Kings XI Punjab/Royal Challengers Bangalore/Rising Pune Supergiant,114,4,2490,1852,110,22.63636364,134.4492441,16.24561404,16.83636364
328,MA Khote,Mumbai Indians,3,1,24,22,2,12,109.0909091,7.333333333,11
329,MA Starc,Royal Challengers Bangalore,11,4,96,98,7,13.71428571,97.95918367,8.909090909,14
330,MA Wood,Chennai Super Kings/Lucknow Super Giants,3,1,12,8,2,6,150,2.666666667,4
331,MC Henriques,Sunrisers Hyderabad/Punjab Kings/Delhi Daredevils/Kolkata Knight Riders/Royal Challengers Bangalore,53,18,956,745,35,27.31428571,128.3221477,14.05660377,21.28571429
332,MC Juneja,Delhi Daredevils,6,0,108,112,6,18,96.42857143,18.66666667,18.66666667
333,MD Mishra,Deccan Chargers/Pune Warriors,17,1,237,206,16,14.8125,115.0485437,12.11764706,12.875
334,MD Shanaka,Gujarat Titans,3,1,26,26,2,13,100,8.666666667,13
335,MDKJ Perera,Rajasthan Royals,2,0,14,13,2,7,107.6923077,6.5,6.5
336,MEK Hussey,Chennai Super Kings/Mumbai Indians,58,7,1977,1610,51,38.76470588,122.7950311,27.75862069,31.56862745
337,MF Maharoof,Delhi Daredevils,14,4,177,123,10,17.7,143.902439,8.785714286,12.3
338,MG Bracewell,Royal Challengers Bangalore,4,2,58,47,2,29,123.4042553,11.75,23.5
339,MG Johnson,Kings XI Punjab/Mumbai Indians/Kolkata Knight Riders,27,14,154,156,13,11.84615385,98.71794872,5.777777778,12
340,MJ Clarke,Pune Warriors,6,0,98,94,6,16.33333333,104.2553191,15.66666667,15.66666667
341,MJ Guptill,Mumbai Indians/Kings XI Punjab/Sunrisers Hyderabad,12,1,255,184,11,23.18181818,138.5869565,15.33333333,16.72727273
342,MJ Lumb,Rajasthan Royals/Deccan Chargers,12,0,278,191,12,23.16666667,145.5497382,15.91666667,15.91666667
343,MJ McClenaghan,Mumbai Indians,19,7,84,68,12,7,123.5294118,3.578947368,5.666666667
344,MJ Santner,Chennai Super Kings,8,5,56,53,3,18.66666667,105.6603774,6.625,17.66666667
345,MK Lomror,Rajasthan Royals/Royal Challengers Bangalore,25,4,402,304,21,19.14285714,132.2368421,12.16,14.47619048
346,MK Pandey,Lucknow Super Giants/Kolkata Knight Riders/Sunrisers Hyderabad/Pune Warriors/Royal Challengers Bangalore/Delhi Capitals/Mumbai Indians,154,25,3712,3075,129,28.7751938,120.7154472,19.96753247,23.8372093
347,MK Tiwary,Delhi Daredevils/Kolkata Knight Riders/Rising Pune Supergiant/Kings XI Punjab,83,24,1695,1444,59,28.72881356,117.3822715,17.39759036,24.47457627
348,ML Hayden,Chennai Super Kings,31,2,1074,775,29,37.03448276,138.5806452,25,26.72413793
349,MM Ali,Chennai Super Kings/Royal Challengers Bangalore,52,6,1034,719,46,22.47826087,143.8108484,13.82692308,15.63043478
350,MM Patel,Mumbai Indians/Rajasthan Royals/Gujarat Lions,12,6,39,41,6,6.5,95.12195122,3.416666667,6.833333333
351,MM Sharma,Chennai Super Kings/Kings XI Punjab/Gujarat Titans,26,11,122,118,15,8.133333333,103.3898305,4.538461538,7.866666667
352,MN Samuels,Pune Warriors/Delhi Daredevils,14,1,161,172,13,12.38461538,93.60465116,12.28571429,13.23076923
353,MN van Wyk,Kolkata Knight Riders,5,2,167,131,3,55.66666667,127.480916,26.2,43.66666667
354,MP Stoinis,Delhi Capitals/Kings XI Punjab/Royal Challengers Bangalore/Lucknow Super Giants,70,19,1417,1019,51,27.78431373,139.0578999,14.55714286,19.98039216
355,MR Marsh,Deccan Chargers/Delhi Capitals/Pune Warriors/Rising Pune Supergiants/Sunrisers Hyderabad,32,2,604,483,30,20.13333333,125.0517598,15.09375,16.1
356,MS Bisla,Kolkata Knight Riders/Royal Challengers Bangalore/Kings XI Punjab,37,1,788,682,36,21.88888889,115.542522,18.43243243,18.94444444
357,MS Dhoni,Chennai Super Kings/Rising Pune Supergiants/Rising Pune Supergiant,217,86,5082,3718,131,38.79389313,136.6863905,17.13364055,28.38167939
358,MS Gony,Kings XI Punjab/Deccan Chargers/Chennai Super Kings,14,5,97,64,9,10.77777778,151.5625,4.571428571,7.111111111
359,MS Wade,Gujarat Titans/Delhi Daredevils,12,0,168,151,12,14,111.2582781,12.58333333,12.58333333
360,MV Boucher,Royal Challengers Bangalore/Kolkata Knight Riders,23,9,394,307,14,28.14285714,128.3387622,13.34782609,21.92857143
361,MW Short,Punjab Kings,6,0,117,92,6,19.5,127.173913,15.33333333,15.33333333
362,Mandeep Singh,Royal Challengers Bangalore/Kings XI Punjab/Delhi Capitals/Punjab Kings/Kolkata Knight Riders,96,15,1679,1365,81,20.72839506,123.003663,14.21875,16.85185185
363,Mashrafe Mortaza,Kolkata Knight Riders,1,1,2,2,0,2,100,2,inf
364,Misbah-ul-Haq,Royal Challengers Bangalore,8,1,117,81,7,16.71428571,144.4444444,10.125,11.57142857
365,Mohammad Ashraful,Mumbai Indians,1,0,2,10,1,2,20,10,10
366,Mohammad Asif,Delhi Daredevils,2,0,3,6,2,1.5,50,3,3
367,Mohammad Hafeez,Kolkata Knight Riders,8,1,64,83,7,9.142857143,77.10843373,10.375,11.85714286
368,Mohammad Nabi,Sunrisers Hyderabad,13,2,149,98,11,13.54545455,152.0408163,7.538461538,8.909090909
369,Mohammed Shami,Kings XI Punjab/Delhi Daredevils/Punjab Kings/Gujarat Titans/Kolkata Knight Riders,23,10,74,79,13,5.692307692,93.67088608,3.434782609,6.076923077
370,Mohammed Siraj,Royal Challengers Bangalore,19,11,97,109,8,12.125,88.99082569,5.736842105,13.625
371,Mohit Rathee,Punjab Kings,1,1,1,2,0,1,50,2,inf
372,Mohsin Khan,Lucknow Super Giants,4,2,23,23,2,11.5,100,5.75,11.5
373,Mujeeb Ur Rahman,Kings XI Punjab/Sunrisers Hyderabad,6,3,12,15,3,4,80,2.5,5
374,Mukesh Choudhary,Chennai Super Kings,2,1,6,6,1,6,100,3,6
375,Mukesh Kumar,Delhi Capitals,3,3,7,9,0,7,77.77777778,3,inf
376,Mustafizur Rahman,Mumbai Indians/Rajasthan Royals/Delhi Capitals,6,5,13,23,1,13,56.52173913,3.833333333,23
377,N Jagadeesan,Kolkata Knight Riders/Chennai Super Kings,10,1,162,147,9,18,110.2040816,14.7,16.33333333
378,N Pooran,Sunrisers Hyderabad/Kings XI Punjab/Punjab Kings/Lucknow Super Giants,55,11,1226,763,44,27.86363636,160.6815203,13.87272727,17.34090909
379,N Rana,Kolkata Knight Riders/Mumbai Indians,96,8,2545,1873,88,28.92045455,135.8782702,19.51041667,21.28409091
380,N Saini,Kings XI Punjab,10,0,140,140,10,14,100,14,14
381,N Wadhera,Mumbai Indians,10,1,241,165,9,26.77777778,146.0606061,16.5,18.33333333
382,ND Doshi,Rajasthan Royals,1,0,0,13,1,0,0,13,13
383,NJ Maddinson,Royal Challengers Bangalore,3,0,20,21,3,6.666666667,95.23809524,7,7
384,NJ Rimmington,Kings XI Punjab,1,1,1,1,0,1,100,1,inf
385,NK Patel,Rajasthan Royals,6,2,121,119,4,30.25,101.6806723,19.83333333,29.75
386,NL McCullum,Pune Warriors,2,1,26,22,1,26,118.1818182,11,22
387,NLTC Perera,Rising Pune Supergiants/Kings XI Punjab/Sunrisers Hyderabad/Kochi Tuskers Kerala/Mumbai Indians,29,8,415,297,21,19.76190476,139.7306397,10.24137931,14.14285714
388,NM Coulter-Nile,Mumbai Indians/Delhi Daredevils/Kolkata Knight Riders/Rajasthan Royals,15,4,58,60,11,5.272727273,96.66666667,4,5.454545455
389,NS Naik,Kings XI Punjab/Kolkata Knight Riders,3,0,24,34,3,8,70.58823529,11.33333333,11.33333333
390,NT Ellis,Punjab Kings,5,1,19,25,4,4.75,76,5,6.25
391,NV Ojha,Rajasthan Royals/Delhi Daredevils/Sunrisers Hyderabad,93,19,1546,1289,74,20.89189189,119.9379364,13.86021505,17.41891892
392,Navdeep Saini,Royal Challengers Bangalore/Rajasthan Royals,6,2,33,36,4,8.25,91.66666667,6,9
393,Naveen-ul-Haq,Lucknow Super Giants,3,2,16,20,1,16,80,6.666666667,20
394,Noor Ahmad,Gujarat Titans,3,1,8,9,2,4,88.88888889,3,4.5
395,OA Shah,Rajasthan Royals/Kochi Tuskers Kerala/Kolkata Knight Riders,22,7,506,388,15,33.73333333,130.4123711,17.63636364,25.86666667
396,OC McCoy,Rajasthan Royals,1,0,8,5,1,8,160,5,5
397,OF Smith,Punjab Kings,6,3,51,44,3,17,115.9090909,7.333333333,14.66666667
398,P Awana,Kings XI Punjab,5,3,5,14,2,2.5,35.71428571,2.8,7
399,P Chopra,Rajasthan Royals,1,0,8,6,1,8,133.3333333,6,6
400,P Dogra,Kings XI Punjab/Rajasthan Royals/Kolkata Knight Riders,12,1,127,138,11,11.54545455,92.02898551,11.5,12.54545455
401,P Dubey,Delhi Capitals,2,1,23,33,1,23,69.6969697,16.5,33
402,P Kumar,Royal Challengers Bangalore/Kings XI Punjab/Gujarat Lions/Sunrisers Hyderabad/Mumbai Indians,57,19,340,312,38,8.947368421,108.974359,5.473684211,8.210526316
403,P Negi,Chennai Super Kings/Delhi Daredevils/Royal Challengers Bangalore,34,9,361,285,25,14.44,126.6666667,8.382352941,11.4
404,P Parameswaran,Royal Challengers Bangalore/Kochi Tuskers Kerala,2,2,1,2,0,1,50,1,inf
405,P Ray Barman,Royal Challengers Bangalore,1,0,19,24,1,19,79.16666667,24,24
406,P Sahu,Kings XI Punjab,2,1,19,13,1,19,146.1538462,6.5,13
407,P Simran Singh,Kings XI Punjab/Punjab Kings,20,0,422,304,20,21.1,138.8157895,15.2,15.2
408,PA Patel,Mumbai Indians/Kochi Tuskers Kerala/Chennai Super Kings/Royal Challengers Bangalore/Deccan Chargers/Sunrisers Hyderabad,132,10,2711,2239,122,22.22131148,121.0808397,16.96212121,18.35245902
409,PA Reddy,Sunrisers Hyderabad/Deccan Chargers,9,0,141,139,9,15.66666667,101.4388489,15.44444444,15.44444444
410,PBB Rajapaksa,Punjab Kings,13,0,277,190,13,21.30769231,145.7894737,14.61538462,14.61538462
411,PC Valthaty,Kings XI Punjab/Rajasthan Royals,22,1,500,407,21,23.80952381,122.8501229,18.5,19.38095238
412,PD Collingwood,Delhi Daredevils,7,2,203,156,5,40.6,130.1282051,22.28571429,31.2
413,PD Salt,Delhi Capitals,9,1,218,133,8,27.25,163.9097744,14.77777778,16.625
414,PJ Cummins,Kolkata Knight Riders/Delhi Daredevils,29,9,379,248,20,18.95,152.8225806,8.551724138,12.4
415,PJ Sangwan,Delhi Daredevils/Mumbai Indians/Gujarat Lions/Gujarat Titans/Kolkata Knight Riders,14,6,26,44,8,3.25,59.09090909,3.142857143,5.5
416,PK Garg,Sunrisers Hyderabad/Delhi Capitals,18,1,269,231,17,15.82352941,116.4502165,12.83333333,13.58823529
417,PM Sarvesh Kumar,Deccan Chargers,1,1,1,2,0,1,50,2,inf
418,PN Mankad,Punjab Kings/Lucknow Super Giants,5,2,97,72,3,32.33333333,134.7222222,14.4,24
419,PP Chawla,Kings XI Punjab/Kolkata Knight Riders/Mumbai Indians,77,27,589,536,50,11.78,109.8880597,6.961038961,10.72
420,PP Ojha,Mumbai Indians/Deccan Chargers,19,7,16,44,12,1.333333333,36.36363636,2.315789474,3.666666667
421,PP Shaw,Delhi Capitals/Delhi Daredevils,68,0,1537,1055,68,22.60294118,145.6872038,15.51470588,15.51470588
422,PR Shah,Rajasthan Royals/Mumbai Indians,9,1,92,90,8,11.5,102.2222222,10,11.25
423,PSP Handscomb,Rising Pune Supergiants,1,0,6,12,1,6,50,12,12
424,PV Tambe,Rajasthan Royals/Gujarat Lions,6,4,18,38,2,9,47.36842105,6.333333333,19
425,PVD Chameera,Lucknow Super Giants,7,3,43,28,4,10.75,153.5714286,4,7
426,PWH de Silva,Royal Challengers Bangalore,14,4,72,73,10,7.2,98.63013699,5.214285714,7.3
427,Pankaj Singh,Royal Challengers Bangalore/Rajasthan Royals,5,3,7,12,2,3.5,58.33333333,2.4,6
428,Parvez Rasool,Royal Challengers Bangalore/Pune Warriors/Sunrisers Hyderabad,4,2,17,20,2,8.5,85,5,10
429,Q de Kock,Mumbai Indians/Delhi Daredevils/Lucknow Super Giants/Sunrisers Hyderabad/Royal Challengers Bangalore,92,5,2702,2006,87,31.05747126,134.6959123,21.80434783,23.05747126
430,R Ashwin,Delhi Capitals/Chennai Super Kings/Rising Pune Supergiants/Rajasthan Royals/Kings XI Punjab,79,27,708,589,52,13.61538462,120.2037351,7.455696203,11.32692308
431,R Bhatia,Rajasthan Royals/Kolkata Knight Riders/Delhi Daredevils/Rising Pune Supergiants/Rising Pune Supergiant,47,17,342,284,30,11.4,120.4225352,6.042553191,9.466666667
432,R Bishnoi,Royal Challengers Bangalore,3,0,19,17,3,6.333333333,111.7647059,5.666666667,5.666666667
433,R Dhawan,Kings XI Punjab/Mumbai Indians/Punjab Kings,22,11,210,187,11,19.09090909,112.2994652,8.5,17
434,R Dravid,Rajasthan Royals/Royal Challengers Bangalore,82,5,2174,1878,77,28.23376623,115.7614483,22.90243902,24.38961039
435,R McLaren,Kolkata Knight Riders/Kings XI Punjab/Mumbai Indians,13,5,159,171,8,19.875,92.98245614,13.15384615,21.375
436,R Ninan,Royal Challengers Bangalore,1,0,3,5,1,3,60,5,5
437,R Parag,Rajasthan Royals,44,7,600,482,37,16.21621622,124.4813278,10.95454545,13.02702703
438,R Powell,Delhi Capitals,15,2,257,176,13,19.76923077,146.0227273,11.73333333,13.53846154
439,R Rampaul,Royal Challengers Bangalore,6,1,39,42,5,7.8,92.85714286,7,8.4
440,R Sanjay Yadav,Mumbai Indians,1,0,0,2,1,0,0,2,2
441,R Sathish,Kings XI Punjab/Kolkata Knight Riders/Mumbai Indians,24,7,270,230,17,15.88235294,117.3913043,9.583333333,13.52941176
442,R Sharma,Pune Warriors/Deccan Chargers,19,5,66,75,14,4.714285714,88,3.947368421,5.357142857
443,R Shepherd,Sunrisers Hyderabad/Lucknow Super Giants,4,1,58,41,3,19.33333333,141.4634146,10.25,13.66666667
444,R Shukla,Delhi Daredevils/Rajasthan Royals,4,3,19,23,1,19,82.60869565,5.75,23
445,R Tewatia,Delhi Capitals/Gujarat Titans/Rajasthan Royals/Delhi Daredevils/Kings XI Punjab,56,23,825,622,33,25,132.6366559,11.10714286,18.84848485
446,R Vinay Kumar,Kochi Tuskers Kerala/Royal Challengers Bangalore/Mumbai Indians/Kolkata Knight Riders,39,13,302,268,26,11.61538462,112.6865672,6.871794872,10.30769231
447,RA Bawa,Punjab Kings,2,0,11,14,2,5.5,78.57142857,7,7
448,RA Jadeja,Chennai Super Kings/Rajasthan Royals/Kochi Tuskers Kerala/Gujarat Lions,167,67,2642,2033,100,26.42,129.9557304,12.17365269,20.33
449,RA Tripathi,Sunrisers Hyderabad/Kolkata Knight Riders/Rising Pune Supergiant/Rajasthan Royals,86,10,2048,1469,76,26.94736842,139.4145677,17.08139535,19.32894737
450,RD Chahar,Mumbai Indians/Punjab Kings/Rising Pune Supergiant,20,5,108,109,15,7.2,99.08256881,5.45,7.266666667
451,RD Gaikwad,Chennai Super Kings,51,5,1797,1318,46,39.06521739,136.3429439,25.84313725,28.65217391
452,RE Levi,Mumbai Indians,6,0,83,73,6,13.83333333,113.6986301,12.16666667,12.16666667
453,RE van der Merwe,Royal Challengers Bangalore/Delhi Daredevils,15,4,159,141,11,14.45454545,112.7659574,9.4,12.81818182
454,RG More,Chennai Super Kings,1,1,2,2,0,2,100,2,inf
455,RG Sharma,Mumbai Indians/Deccan Chargers,233,27,6165,4712,206,29.92718447,130.836163,20.22317597,22.87378641
456,RJ Harris,Kings XI Punjab/Deccan Chargers,21,9,117,111,12,9.75,105.4054054,5.285714286,9.25
457,RJ Peterson,Mumbai Indians,5,2,32,30,3,10.66666667,106.6666667,6,10
458,RJ Quiney,Rajasthan Royals,6,0,97,100,6,16.16666667,97,16.66666667,16.66666667
459,RK Bhui,Sunrisers Hyderabad,2,0,7,17,2,3.5,41.17647059,8.5,8.5
460,RK Singh,Kolkata Knight Riders,29,9,725,506,20,36.25,143.2806324,17.44827586,25.3
461,RM Patidar,Royal Challengers Bangalore,11,1,404,279,10,40.4,144.8028674,25.36363636,27.9
462,RN ten Doeschate,Kolkata Knight Riders,21,7,326,235,14,23.28571429,138.7234043,11.19047619,16.78571429
463,RP Meredith,Mumbai Indians,2,2,0,3,0,0,0,1.5,inf
464,RP Singh,Mumbai Indians/Deccan Chargers/Kochi Tuskers Kerala,28,13,52,76,15,3.466666667,68.42105263,2.714285714,5.066666667
465,RR Bhatkal,Royal Challengers Bangalore,1,0,0,2,1,0,0,2,2
466,RR Pant,Delhi Capitals/Delhi Daredevils,94,15,2759,1838,79,34.92405063,150.1088139,19.55319149,23.26582278
467,RR Powar,Kochi Tuskers Kerala/Kings XI Punjab,8,5,65,63,3,21.66666667,103.1746032,7.875,21
468,RR Raje,Mumbai Indians,5,4,20,18,1,20,111.1111111,3.6,18
469,RR Rossouw,Royal Challengers Bangalore/Delhi Capitals,14,2,262,191,12,21.83333333,137.1727749,13.64285714,15.91666667
470,RR Sarwan,Kings XI Punjab,4,0,73,75,4,18.25,97.33333333,18.75,18.75
471,RS Bopara,Kings XI Punjab/Sunrisers Hyderabad,21,4,530,445,17,31.17647059,119.1011236,21.19047619,26.17647059
472,RS Gavaskar,Kolkata Knight Riders,1,0,2,8,1,2,25,8,8
473,RS Sodhi,Kings XI Punjab,1,1,4,2,0,4,200,2,inf
474,RT Ponting,Mumbai Indians/Kolkata Knight Riders,9,0,91,128,9,10.11111111,71.09375,14.22222222,14.22222222
475,RV Gomez,Kochi Tuskers Kerala/Pune Warriors,9,4,50,51,5,10,98.03921569,5.666666667,10.2
476,RV Patel,Delhi Capitals,7,2,80,73,5,16,109.5890411,10.42857143,14.6
477,RV Uthappa,Mumbai Indians/Pune Warriors/Chennai Super Kings/Kolkata Knight Riders/Rajasthan Royals/Royal Challengers Bangalore,195,17,4941,3775,178,27.75842697,130.8874172,19.35897436,21.20786517
478,Rahmanullah Gurbaz,Kolkata Knight Riders,11,0,227,169,11,20.63636364,134.3195266,15.36363636,15.36363636
479,Ramandeep Singh,Mumbai Indians,4,2,45,39,2,22.5,115.3846154,9.75,19.5
480,Rashid Khan,Gujarat Titans/Sunrisers Hyderabad,48,17,442,260,31,14.25806452,170,5.416666667,8.387096774
481,Rasikh Salam,Mumbai Indians/Kolkata Knight Riders,2,1,12,10,1,12,120,5,10
482,Ravi Bishnoi,Lucknow Super Giants/Kings XI Punjab/Punjab Kings,11,6,28,44,5,5.6,63.63636364,4,8.8
483,S Anirudha,Sunrisers Hyderabad/Chennai Super Kings,12,4,136,112,8,17,121.4285714,9.333333333,14
484,S Aravind,Royal Challengers Bangalore,10,6,59,57,4,14.75,103.5087719,5.7,14.25
485,S Badree,Royal Challengers Bangalore,5,0,13,23,5,2.6,56.52173913,4.6,4.6
486,S Badrinath,Chennai Super Kings,64,18,1439,1206,46,31.2826087,119.3200663,18.84375,26.2173913
487,S Chanderpaul,Royal Challengers Bangalore,3,0,25,31,3,8.333333333,80.64516129,10.33333333,10.33333333
488,S Dhawan,Delhi Capitals/Delhi Daredevils/Punjab Kings/Sunrisers Hyderabad/Deccan Chargers/Mumbai Indians,213,28,6573,5145,185,35.52972973,127.755102,24.15492958,27.81081081
489,S Dube,Chennai Super Kings/Royal Challengers Bangalore/Rajasthan Royals,46,7,1079,769,39,27.66666667,140.3120936,16.7173913,19.71794872
490,S Gopal,Rajasthan Royals/Sunrisers Hyderabad/Mumbai Indians,22,8,180,169,14,12.85714286,106.5088757,7.681818182,12.07142857
491,S Kaul,Sunrisers Hyderabad/Delhi Daredevils,9,5,20,36,4,5,55.55555556,4,9
492,S Kaushik,Gujarat Lions,1,0,0,1,1,0,0,1,1
493,S Ladda,Delhi Daredevils,2,1,0,9,1,0,0,4.5,9
494,S Lamichhane,Delhi Capitals,1,0,0,1,1,0,0,1,1
495,S Nadeem,Delhi Daredevils/Sunrisers Hyderabad,20,6,39,87,14,2.785714286,44.82758621,4.35,6.214285714
496,S Narwal,Kolkata Knight Riders/Rajasthan Royals,4,1,37,27,3,12.33333333,137.037037,6.75,9
497,S Rana,Pune Warriors/Royal Challengers Bangalore,8,4,91,79,4,22.75,115.1898734,9.875,19.75
498,S Randiv,Chennai Super Kings,1,0,2,4,1,2,50,4,4
499,S Sohal,Deccan Chargers/Kings XI Punjab,20,0,368,289,20,18.4,127.3356401,14.45,14.45
500,S Sreesanth,Kings XI Punjab/Kochi Tuskers Kerala/Rajasthan Royals,12,8,34,55,4,8.5,61.81818182,4.583333333,13.75
501,S Sriram,Royal Challengers Bangalore/Delhi Daredevils,2,0,31,36,2,15.5,86.11111111,18,18
502,S Tyagi,Chennai Super Kings,1,0,3,4,1,3,75,4,4
503,S Vidyut,Chennai Super Kings,8,0,145,109,8,18.125,133.0275229,13.625,13.625
504,SA Abbott,Royal Challengers Bangalore/Sunrisers Hyderabad,3,0,22,18,3,7.333333333,122.2222222,6,6
505,SA Asnodkar,Rajasthan Royals,19,-1,423,337,20,21.15,125.5192878,17.73684211,16.85
506,SA Yadav,Mumbai Indians/Kolkata Knight Riders,120,22,3195,2215,98,32.60204082,144.2437923,18.45833333,22.60204082
507,SB Bangar,Deccan Chargers,6,0,47,49,6,7.833333333,95.91836735,8.166666667,8.166666667
508,SB Jakati,Chennai Super Kings/Gujarat Lions,5,4,28,29,1,28,96.55172414,5.8,29
509,SB Joshi,Royal Challengers Bangalore,2,0,6,14,2,3,42.85714286,7,7
510,SB Styris,Deccan Chargers/Chennai Super Kings,10,3,131,132,7,18.71428571,99.24242424,13.2,18.85714286
511,SB Wagh,Pune Warriors,2,0,2,3,2,1,66.66666667,1.5,1.5
512,SC Ganguly,Pune Warriors/Kolkata Knight Riders,55,3,1303,1228,52,25.05769231,106.1074919,22.32727273,23.61538462
513,SD Chitnis,Mumbai Indians/Kings XI Punjab/Rajasthan Royals,8,1,99,88,7,14.14285714,112.5,11,12.57142857
514,SD Lad,Mumbai Indians,1,0,15,13,1,15,115.3846154,13,13
515,SE Bond,Kolkata Knight Riders,1,0,1,2,1,1,50,2,2
516,SE Marsh,Kings XI Punjab,68,7,2412,1822,61,39.54098361,132.3819978,26.79411765,29.86885246
517,SE Rutherford,Delhi Capitals/Royal Challengers Bangalore,9,2,106,104,7,15.14285714,101.9230769,11.55555556,14.85714286
518,SJ Srivastava,Kings XI Punjab,4,3,5,5,1,5,100,1.25,5
519,SK Raina,Chennai Super Kings/Gujarat Lions,198,30,5512,4008,168,32.80952381,137.5249501,20.24242424,23.85714286
520,SK Trivedi,Rajasthan Royals,14,7,42,58,7,6,72.4137931,4.142857143,8.285714286
521,SK Warne,Rajasthan Royals,26,6,196,211,20,9.8,92.89099526,8.115384615,10.55
522,SL Malinga,Mumbai Indians,19,3,88,98,16,5.5,89.79591837,5.157894737,6.125
523,SM Curran,Kings XI Punjab/Chennai Super Kings/Punjab Kings,36,11,613,426,25,24.52,143.8967136,11.83333333,17.04
524,SM Harwood,Rajasthan Royals,2,2,9,13,0,9,69.23076923,6.5,inf
525,SM Katich,Kings XI Punjab,11,1,241,185,10,24.1,130.2702703,16.81818182,18.5
526,SM Pollock,Mumbai Indians,8,0,147,111,8,18.375,132.4324324,13.875,13.875
527,SMSM Senanayake,Kolkata Knight Riders,4,3,10,16,1,10,62.5,4,16
528,SN Khan,Royal Challengers Bangalore/Punjab Kings/Delhi Capitals/Kings XI Punjab,34,9,528,412,25,21.12,128.1553398,12.11764706,16.48
529,SN Thakur,Chennai Super Kings/Delhi Capitals/Kolkata Knight Riders/Rising Pune Supergiant/Kings XI Punjab,32,8,286,203,24,11.91666667,140.8866995,6.34375,8.458333333
530,SO Hetmyer,Delhi Capitals/Rajasthan Royals/Royal Challengers Bangalore,54,21,1122,724,33,34,154.9723757,13.40740741,21.93939394
531,SP Fleming,Chennai Super Kings,10,1,196,162,9,21.77777778,120.9876543,16.2,18
532,SP Goswami,Kolkata Knight Riders/Rajasthan Royals/Royal Challengers Bangalore/Sunrisers Hyderabad,21,1,293,293,20,14.65,100,13.95238095,14.65
533,SP Jackson,Kolkata Knight Riders,8,2,61,57,6,10.16666667,107.0175439,7.125,9.5
534,SP Narine,Kolkata Knight Riders,91,15,1045,653,76,13.75,160.0306279,7.175824176,8.592105263
535,SPD Smith,Delhi Capitals/Rising Pune Supergiants/Rajasthan Royals/Pune Warriors/Rising Pune Supergiant,90,19,2432,1890,71,34.25352113,128.6772487,21,26.61971831
536,SR Tendulkar,Mumbai Indians,78,9,2334,1941,69,33.82608696,120.2472952,24.88461538,28.13043478
537,SR Watson,Rajasthan Royals/Royal Challengers Bangalore/Chennai Super Kings,139,16,3796,2738,123,30.86178862,138.641344,19.69784173,22.2601626
538,SS Cottrell,Kings XI Punjab,1,0,0,2,1,0,0,2,2
539,SS Iyer,Delhi Capitals/Delhi Daredevils/Kolkata Knight Riders,97,12,2674,2126,85,31.45882353,125.7761054,21.91752577,25.01176471
540,SS Prabhudessai,Royal Challengers Bangalore,9,0,102,87,9,11.33333333,117.2413793,9.666666667,9.666666667
541,SS Shaikh,Kolkata Knight Riders,1,0,6,7,1,6,85.71428571,7,7
542,SS Tiwary,Mumbai Indians/Royal Challengers Bangalore/Rising Pune Supergiants/Delhi Daredevils,72,20,1481,1226,52,28.48076923,120.7993475,17.02777778,23.57692308
543,ST Jayasuriya,Mumbai Indians,30,2,768,529,28,27.42857143,145.1795841,17.63333333,18.89285714
544,STR Binny,Rajasthan Royals/Royal Challengers Bangalore/Mumbai Indians,64,19,868,677,45,19.28888889,128.2127031,10.578125,15.04444444
545,SV Samson,Rajasthan Royals/Delhi Daredevils,144,13,3835,2790,131,29.27480916,137.4551971,19.375,21.29770992
546,SW Billings,Chennai Super Kings/Kolkata Knight Riders/Delhi Daredevils,27,1,503,385,26,19.34615385,130.6493506,14.25925926,14.80769231
547,SW Tait,Rajasthan Royals,5,2,23,26,3,7.666666667,88.46153846,5.2,8.666666667
548,Sachin Baby,Royal Challengers Bangalore/Rajasthan Royals,11,2,144,115,9,16,125.2173913,10.45454545,12.77777778
549,Salman Butt,Kolkata Knight Riders,7,0,193,160,7,27.57142857,120.625,22.85714286,22.85714286
550,Sandeep Sharma,Kings XI Punjab/Sunrisers Hyderabad/Rajasthan Royals,25,19,54,69,6,9,78.26086957,2.76,11.5
551,Sanvir Singh,Sunrisers Hyderabad,2,1,11,9,1,11,122.2222222,4.5,9
552,Shahbaz Ahmed,Royal Challengers Bangalore,25,6,321,272,19,16.89473684,118.0147059,10.88,14.31578947
553,Shahid Afridi,Deccan Chargers,9,1,81,46,8,10.125,176.0869565,5.111111111,5.75
554,Shakib Al Hasan,Kolkata Knight Riders/Sunrisers Hyderabad,51,11,764,615,40,19.1,124.2276423,12.05882353,15.375
555,Shashank Singh,Sunrisers Hyderabad,5,1,69,47,4,17.25,146.8085106,9.4,11.75
556,Shivam Mavi,Kolkata Knight Riders,11,2,51,56,9,5.666666667,91.07142857,5.090909091,6.222222222
557,Shivam Sharma,Kings XI Punjab,2,1,5,3,1,5,166.6666667,1.5,3
558,Shoaib Ahmed,Deccan Chargers,3,1,1,6,2,0.5,16.66666667,2,3
559,Shoaib Akhtar,Kolkata Knight Riders,1,0,2,7,1,2,28.57142857,7,7
560,Shoaib Malik,Delhi Daredevils,5,1,52,46,4,13,113.0434783,9.2,11.5
561,Shubman Gill,Gujarat Titans/Kolkata Knight Riders,85,13,2750,2029,72,38.19444444,135.5347462,23.87058824,28.18055556
562,Sikandar Raza,Punjab Kings,7,2,139,98,5,27.8,141.8367347,14,19.6
563,Simarjeet Singh,Chennai Super Kings,3,2,7,8,1,7,87.5,2.666666667,8
564,Sohail Tanvir,Rajasthan Royals,5,2,36,28,3,12,128.5714286,5.6,9.333333333
565,Sunny Gupta,Delhi Daredevils,1,0,0,1,1,0,0,1,1
566,Sunny Singh,Kings XI Punjab,5,1,43,31,4,10.75,138.7096774,6.2,7.75
567,Swapnil Singh,Kings XI Punjab/Lucknow Super Giants,4,1,14,24,3,4.666666667,58.33333333,6,8
568,T Banton,Kolkata Knight Riders,2,0,18,20,2,9,90,10,10
569,T Henderson,Rajasthan Royals,2,0,11,15,2,5.5,73.33333333,7.5,7.5
570,T Kohli,Kings XI Punjab/Rajasthan Royals,3,0,11,19,3,3.666666667,57.89473684,6.333333333,6.333333333
571,T Natarajan,Sunrisers Hyderabad,2,2,3,5,0,3,60,2.5,inf
572,T Shamsi,Rajasthan Royals,1,1,2,4,0,2,50,4,inf
573,T Stubbs,Mumbai Indians,4,0,27,35,4,6.75,77.14285714,8.75,8.75
574,T Taibu,Kolkata Knight Riders,3,0,31,26,3,10.33333333,119.2307692,8.666666667,8.666666667
575,T Thushara,Chennai Super Kings,4,2,12,18,2,6,66.66666667,4.5,9
576,TA Boult,Rajasthan Royals/Mumbai Indians/Delhi Capitals/Kolkata Knight Riders/Delhi Daredevils,18,12,69,62,6,11.5,111.2903226,3.444444444,10.33333333
577,TD Paine,Pune Warriors,2,0,10,26,2,5,38.46153846,13,13
578,TG Southee,Rajasthan Royals/Royal Challengers Bangalore/Kolkata Knight Riders/Mumbai Indians,19,6,120,106,13,9.230769231,113.2075472,5.578947368,8.153846154
579,TH David,Mumbai Indians/Royal Challengers Bangalore,24,9,418,234,15,27.86666667,178.6324786,9.75,15.6
580,TK Curran,Rajasthan Royals/Delhi Capitals/Kolkata Knight Riders,10,5,127,107,5,25.4,118.6915888,10.7,21.4
581,TL Seifert,Delhi Capitals/Kolkata Knight Riders,3,0,26,23,3,8.666666667,113.0434783,7.666666667,7.666666667
582,TL Suman,Deccan Chargers/Pune Warriors/Mumbai Indians,39,7,676,573,32,21.125,117.9755672,14.69230769,17.90625
583,TM Dilshan,Delhi Daredevils/Royal Challengers Bangalore,49,7,1148,992,42,27.33333333,115.7258065,20.24489796,23.61904762
584,TM Head,Royal Challengers Bangalore,10,3,205,147,7,29.28571429,139.4557823,14.7,21
585,TM Srivastava,Kings XI Punjab,3,2,8,11,1,8,72.72727273,3.666666667,11
586,TR Birt,Delhi Daredevils,5,0,75,57,5,15,131.5789474,11.4,11.4
587,TS Mills,Mumbai Indians/Royal Challengers Bangalore,5,1,8,14,4,2,57.14285714,2.8,3.5
588,TU Deshpande,Delhi Capitals/Chennai Super Kings,3,2,21,13,1,21,161.5384615,4.333333333,13
589,Tilak Varma,Mumbai Indians,25,6,740,510,19,38.94736842,145.0980392,20.4,26.84210526
590,U Kaul,Kings XI Punjab,1,1,0,1,0,0,0,1,inf
591,UA Birla,Pune Warriors,1,0,7,14,1,7,50,14,14
592,UBT Chand,Delhi Daredevils/Mumbai Indians/Rajasthan Royals,20,0,300,299,20,15,100.3344482,14.95,14.95
593,UT Khawaja,Rising Pune Supergiants,6,0,127,99,6,21.16666667,128.2828283,16.5,16.5
594,UT Yadav,Kolkata Knight Riders/Delhi Daredevils/Royal Challengers Bangalore,46,26,196,186,20,9.8,105.3763441,4.043478261,9.3
595,Umar Gul,Kolkata Knight Riders,4,1,39,19,3,13,205.2631579,4.75,6.333333333
596,Umran Malik,Sunrisers Hyderabad,5,3,23,15,2,11.5,153.3333333,3,7.5
597,V Kohli,Royal Challengers Bangalore,223,33,7122,5450,190,37.48421053,130.6788991,24.43946188,28.68421053
598,V Pratap Singh,Deccan Chargers,1,0,0,1,1,0,0,1,1
599,V Sehwag,Delhi Daredevils/Kings XI Punjab,102,5,2702,1714,97,27.8556701,157.6429405,16.80392157,17.67010309
600,V Shankar,Delhi Daredevils/Sunrisers Hyderabad/Gujarat Titans,48,12,1005,751,36,27.91666667,133.8215712,15.64583333,20.86111111
601,VG Arora,Kolkata Knight Riders/Punjab Kings,6,4,8,15,2,4,53.33333333,2.5,7.5
602,VH Zol,Royal Challengers Bangalore,2,0,29,26,2,14.5,111.5384615,13,13
603,VR Aaron,Rajasthan Royals/Kings XI Punjab/Royal Challengers Bangalore/Delhi Daredevils,12,7,50,71,5,10,70.42253521,5.916666667,14.2
604,VR Iyer,Kolkata Knight Riders,36,2,956,733,34,28.11764706,130.4229195,20.36111111,21.55882353
605,VRV Singh,Kings XI Punjab,2,0,4,3,2,2,133.3333333,1.5,1.5
606,VS Malik,Kings XI Punjab/Rajasthan Royals,2,1,7,7,1,7,100,3.5,7
607,VS Yeligati,Mumbai Indians,1,0,2,2,1,2,100,2,2
608,VVS Laxman,Deccan Chargers/Kochi Tuskers Kerala,20,1,282,266,19,14.84210526,106.0150376,13.3,14
609,VY Mahesh,Delhi Daredevils,5,3,15,27,2,7.5,55.55555556,5.4,13.5
610,Vijaykumar Vyshak,Royal Challengers Bangalore,2,1,13,9,1,13,144.4444444,4.5,9
611,Virat Singh,Sunrisers Hyderabad,1,0,11,12,1,11,91.66666667,12,12
612,Vishnu Vinod,Mumbai Indians/Royal Challengers Bangalore,6,0,56,56,6,9.333333333,100,9.333333333,9.333333333
613,Vivrant Sharma,Sunrisers Hyderabad,1,0,69,47,1,69,146.8085106,47,47
614,W Jaffer,Royal Challengers Bangalore,8,0,130,121,8,16.25,107.4380165,15.125,15.125
615,WA Mota,Kings XI Punjab,8,2,56,75,6,9.333333333,74.66666667,9.375,12.5
616,WD Parnell,Pune Warriors/Royal Challengers Bangalore/Delhi Daredevils,13,3,65,80,10,6.5,81.25,6.153846154,8
617,WP Saha,Gujarat Titans/Kings XI Punjab/Sunrisers Hyderabad/Kolkata Knight Riders/Chennai Super Kings,132,22,2754,2158,110,25.03636364,127.618165,16.34848485,19.61818182
618,WPUJC Vaas,Deccan Chargers,11,3,81,72,8,10.125,112.5,6.545454545,9
619,Washington Sundar,Sunrisers Hyderabad/Royal Challengers Bangalore/Rising Pune Supergiant,37,10,378,323,27,14,117.0278638,8.72972973,11.96296296
620,X Thalaivan Sargunam,Sunrisers Hyderabad,1,0,10,17,1,10,58.82352941,17,17
621,Y Gnaneswara Rao,Kochi Tuskers Kerala,1,0,19,17,1,19,111.7647059,17,17
622,Y Nagar,Delhi Daredevils,20,6,285,259,14,20.35714286,110.03861,12.95,18.5
623,Y Prithvi Raj,Kolkata Knight Riders,1,1,0,1,0,0,0,1,inf
624,Y Venugopal Rao,Delhi Daredevils/Deccan Chargers/Sunrisers Hyderabad,51,7,985,831,44,22.38636364,118.5318893,16.29411765,18.88636364
625,YA Abdulla,Kings XI Punjab,1,1,0,1,0,0,0,1,inf
626,YBK Jaiswal,Rajasthan Royals,37,1,1172,784,36,32.55555556,149.4897959,21.18918919,21.77777778
627,YK Pathan,Rajasthan Royals/Kolkata Knight Riders/Sunrisers Hyderabad,152,43,3162,2208,109,29.00917431,143.2065217,14.52631579,20.25688073
628,YS Chahal,Royal Challengers Bangalore/Rajasthan Royals,17,10,37,86,7,5.285714286,43.02325581,5.058823529,12.28571429
629,YV Dhull,Delhi Capitals,3,0,16,23,3,5.333333333,69.56521739,7.666666667,7.666666667
630,YV Takawale,Mumbai Indians/Royal Challengers Bangalore,10,2,192,177,8,24,108.4745763,17.7,22.125
631,Yash Dayal,Gujarat Titans,1,0,0,1,1,0,0,1,1
632,Yashpal Singh,Kolkata Knight Riders,3,0,27,47,3,9,57.44680851,15.66666667,15.66666667
633,Younis Khan,Rajasthan Royals,1,0,3,7,1,3,42.85714286,7,7
634,Yudhvir Singh,Lucknow Super Giants,2,0,1,2,2,0.5,50,1,1
635,Yuvraj Singh,Kings XI Punjab/Mumbai Indians/Royal Challengers Bangalore/Delhi Daredevils/Sunrisers Hyderabad/Pune Warriors,124,15,2696,2078,109,24.73394495,129.7401347,16.75806452,19.06422018
636,Z Khan,Delhi Daredevils/Royal Challengers Bangalore/Mumbai Indians,27,13,117,140,14,8.357142857,83.57142857,5.185185185,10