,Bowler,Bowler Team(s),Matches Bowled In,Total Wickets,Balls Bowled,Total Runs Conceded,Bowling Average,Economy Rate,Strike Rate,Balls Bowled per Match,Wickets per Match
0,A Ashish Reddy,Deccan Chargers/Sunrisers Hyderabad,19,17,256,389,22.88235294,9.1171875,15.05882353,13.47368421,0.894736842
1,A Badoni,Lucknow Super Giants,3,1,13,11,11,5.076923077,13,4.333333333,0.333333333
2,A Chandila,Rajasthan Royals,12,6,234,242,40.33333333,6.205128205,39,19.5,0.5
3,A Choudhary,Royal Challengers Bangalore,5,5,101,144,28.8,8.554455446,20.2,20.2,1
4,A Dananjaya,Mumbai Indians,1,0,24,47,0,11.75,0,24,0
5,A Flintoff,Chennai Super Kings,3,1,66,105,105,9.545454545,66,22,0.333333333
6,A Kumble,Royal Challengers Bangalore,42,44,965,1058,24.04545455,6.578238342,21.93181818,22.97619048,1.047619048
7,A Mishra,Delhi Daredevils/Delhi Capitals/Deccan Chargers/Sunrisers Hyderabad/Lucknow Super Giants,158,166,3287,4043,24.35542169,7.379981746,19.80120482,20.80379747,1.050632911
8,A Mithun,Royal Challengers Bangalore,16,7,288,472,67.42857143,9.833333333,41.14285714,18,0.4375
9,A Nehra,Chennai Super Kings/Mumbai Indians/Pune Warriors/Delhi Daredevils/Sunrisers Hyderabad,87,103,1884,2464,23.9223301,7.847133758,18.29126214,21.65517241,1.183908046
10,A Nel,Mumbai Indians,1,1,18,31,31,10.33333333,18,18,1
11,A Nortje,Delhi Capitals,39,52,898,1247,23.98076923,8.331848552,17.26923077,23.02564103,1.333333333
12,A Singh,Rajasthan Royals,23,28,473,620,22.14285714,7.864693446,16.89285714,20.56521739,1.217391304
13,A Symonds,Deccan Chargers/Mumbai Indians,30,19,527,674,35.47368421,7.673624288,27.73684211,17.56666667,0.633333333
14,A Uniyal,Rajasthan Royals,2,2,36,66,33,11,18,18,1
15,A Zampa,Rajasthan Royals/Rising Pune Supergiants/Royal Challengers Bangalore/Rising Pune Supergiant,19,28,395,505,18.03571429,7.670886076,14.10714286,20.78947368,1.473684211
16,AA Chavan,Rajasthan Royals,13,8,248,326,40.75,7.887096774,31,19.07692308,0.615384615
17,AA Jhunjhunwala,Rajasthan Royals/Deccan Chargers/Pune Warriors,10,1,85,129,129,9.105882353,85,8.5,0.1
18,AA Kazi,Royal Challengers Bangalore,1,0,12,21,0,10.5,0,12,0
19,AA Noffke,Royal Challengers Bangalore,1,1,24,40,40,10,24,24,1
20,AB Agarkar,Delhi Daredevils/Kolkata Knight Riders,41,28,776,1137,40.60714286,8.791237113,27.71428571,18.92682927,0.682926829
21,AB Dinda,Kolkata Knight Riders/Royal Challengers Bangalore/Pune Warriors/Rising Pune Supergiants/Delhi Daredevils/Rising Pune Supergiant,74,69,1498,2034,29.47826087,8.146862483,21.71014493,20.24324324,0.932432432
22,AB McDonald,Delhi Daredevils/Royal Challengers Bangalore,9,10,174,244,24.4,8.413793103,17.4,19.33333333,1.111111111
23,AC Gilchrist,Kings XI Punjab,1,1,1,0,0,0,1,1,1
24,AC Thomas,Pune Warriors,14,14,297,391,27.92857143,7.898989899,21.21428571,21.21428571,1
25,AC Voges,Rajasthan Royals,7,0,54,76,0,8.444444444,0,7.714285714,0
26,AD Mascarenhas,Kings XI Punjab/Rajasthan Royals,12,17,284,327,19.23529412,6.908450704,16.70588235,23.66666667,1.416666667
27,AD Mathews,Pune Warriors/Kolkata Knight Riders/Delhi Daredevils,44,27,791,1079,39.96296296,8.184576485,29.2962963,17.97727273,0.613636364
28,AD Russell,Kolkata Knight Riders/Delhi Daredevils,96,91,1491,2294,25.20879121,9.23138833,16.38461538,15.53125,0.947916667
29,AF Milne,Mumbai Indians/Royal Challengers Bangalore/Chennai Super Kings,10,7,207,327,46.71428571,9.47826087,29.57142857,20.7,0.7
30,AG Murtaza,Pune Warriors/Mumbai Indians,12,9,264,313,34.77777778,7.113636364,29.33333333,22,0.75
31,AJ Finch,Pune Warriors/Rajasthan Royals/Delhi Daredevils,5,1,43,67,67,9.348837209,43,8.6,0.2
32,AJ Hosein,Sunrisers Hyderabad,1,1,24,40,40,10,24,24,1
33,AJ Tye,Lucknow Super Giants/Kings XI Punjab/Gujarat Lions/Rajasthan Royals,29,41,678,974,23.75609756,8.619469027,16.53658537,23.37931034,1.413793103
34,AK Markram,Punjab Kings/Sunrisers Hyderabad,12,1,109,157,157,8.642201835,109,9.083333333,0.083333333
35,AL Menaria,Rajasthan Royals,12,2,110,144,72,7.854545455,55,9.166666667,0.166666667
36,AM Nayar,Mumbai Indians/Kings XI Punjab/Pune Warriors,19,9,229,322,35.77777778,8.436681223,25.44444444,12.05263158,0.473684211
37,AM Rahane,Mumbai Indians,1,1,6,5,5,5,6,6,1
38,AM Salvi,Delhi Daredevils,7,7,150,200,28.57142857,8,21.42857143,21.42857143,1
39,AN Ahmed,Mumbai Indians/Royal Challengers Bangalore,17,12,344,498,41.5,8.686046512,28.66666667,20.23529412,0.705882353
40,AP Dole,Rajasthan Royals,3,5,66,112,22.4,10.18181818,13.2,22,1.666666667
41,AR Patel,Delhi Capitals/Kings XI Punjab,131,103,2763,3351,32.53398058,7.276872964,26.82524272,21.09160305,0.786259542
42,AS Joseph,Gujarat Titans/Mumbai Indians,19,19,376,576,30.31578947,9.191489362,19.78947368,19.78947368,1
43,AS Rajpoot,Chennai Super Kings/Kolkata Knight Riders/Kings XI Punjab/Rajasthan Royals,29,23,529,815,35.43478261,9.243856333,23,18.24137931,0.793103448
44,AS Raut,Rajasthan Royals,5,0,30,44,0,8.8,0,6,0
45,AS Roy,Mumbai Indians/Kolkata Knight Riders,6,4,102,131,32.75,7.705882353,25.5,17,0.666666667
46,AU Rashid,Sunrisers Hyderabad/Punjab Kings,3,2,60,91,45.5,9.1,30,20,0.666666667
47,AUK Pathan,Royal Challengers Bangalore,3,0,39,63,0,9.692307692,0,13,0
48,Abdul Samad,Sunrisers Hyderabad,5,2,54,113,56.5,12.55555556,27,10.8,0.4
49,Abdur Razzak,Royal Challengers Bangalore,1,0,12,29,0,14.5,0,12,0
50,Abhishek Sharma,Sunrisers Hyderabad,21,9,222,324,36,8.756756757,24.66666667,10.57142857,0.428571429
51,Akash Deep,Royal Challengers Bangalore,7,5,143,264,52.8,11.07692308,28.6,20.42857143,0.714285714
52,Akash Madhwal,Mumbai Indians,8,14,153,219,15.64285714,8.588235294,10.92857143,19.125,1.75
53,Akash Singh,Chennai Super Kings/Rajasthan Royals,7,5,138,227,45.4,9.869565217,27.6,19.71428571,0.714285714
54,Aman Hakim Khan,Kolkata Knight Riders,1,0,6,13,0,13,0,6,0
55,Anand Rajan,Sunrisers Hyderabad/Deccan Chargers,8,8,149,201,25.125,8.093959732,18.625,18.625,1
56,Ankit Sharma,Rising Pune Supergiants/Rajasthan Royals/Deccan Chargers/Rising Pune Supergiant,20,12,355,433,36.08333333,7.318309859,29.58333333,17.75,0.6
57,Ankit Soni,Gujarat Lions,5,1,85,128,128,9.035294118,85,17,0.2
58,Anureet Singh,Kings XI Punjab/Rajasthan Royals/Kolkata Knight Riders,20,15,364,547,36.46666667,9.016483516,24.26666667,18.2,0.75
59,Arjun Tendulkar,Mumbai Indians,4,3,59,92,30.66666667,9.355932203,19.66666667,14.75,0.75
60,Arshad Khan,Mumbai Indians,6,4,85,190,47.5,13.41176471,21.25,14.16666667,0.666666667
61,Arshdeep Singh,Punjab Kings/Kings XI Punjab,50,51,1044,1512,29.64705882,8.689655172,20.47058824,20.88,1.02
62,Avesh Khan,Delhi Capitals/Lucknow Super Giants/Delhi Daredevils/Royal Challengers Bangalore,46,51,982,1414,27.7254902,8.639511202,19.25490196,21.34782609,1.108695652
63,Azhar Mahmood,Kings XI Punjab/Kolkata Knight Riders,23,28,537,700,25,7.82122905,19.17857143,23.34782609,1.217391304
64,B Akhil,Royal Challengers Bangalore/Kochi Tuskers Kerala,13,6,188,242,40.33333333,7.723404255,31.33333333,14.46153846,0.461538462
65,B Chipli,Deccan Chargers,1,0,6,20,0,20,0,6,0
66,B Geeves,Delhi Daredevils,2,1,48,91,91,11.375,48,24,0.5
67,B Kumar,Sunrisers Hyderabad/Pune Warriors,159,163,3544,4367,26.79141104,7.393340858,21.74233129,22.28930818,1.025157233
68,B Laughlin,Chennai Super Kings/Rajasthan Royals,9,10,168,282,28.2,10.07142857,16.8,18.66666667,1.111111111
69,B Lee,Kolkata Knight Riders/Kings XI Punjab,38,23,875,1095,47.60869565,7.508571429,38.04347826,23.02631579,0.605263158
70,B Stanlake,Sunrisers Hyderabad/Royal Challengers Bangalore,6,7,144,200,28.57142857,8.333333333,20.57142857,24,1.166666667
71,BA Bhatt,Kings XI Punjab,15,11,296,397,36.09090909,8.047297297,26.90909091,19.73333333,0.733333333
72,BA Stokes,Rajasthan Royals/Chennai Super Kings/Rising Pune Supergiant,38,28,689,992,35.42857143,8.638606676,24.60714286,18.13157895,0.736842105
73,BAW Mendis,Kolkata Knight Riders/Pune Warriors,9,5,216,266,53.2,7.388888889,43.2,24,0.555555556
74,BB Sran,Sunrisers Hyderabad/Kings XI Punjab/Mumbai Indians/Rajasthan Royals,23,18,471,733,40.72222222,9.337579618,26.16666667,20.47826087,0.782608696
75,BCJ Cutting,Mumbai Indians/Sunrisers Hyderabad/Rajasthan Royals,17,10,281,429,42.9,9.160142349,28.1,16.52941176,0.588235294
76,BE Hendricks,Kings XI Punjab,7,9,150,235,26.11111111,9.4,16.66666667,21.42857143,1.285714286
77,BJ Hodge,Kochi Tuskers Kerala/Rajasthan Royals/Kolkata Knight Riders,20,17,234,303,17.82352941,7.769230769,13.76470588,11.7,0.85
78,BJ Rohrer,Delhi Daredevils,1,0,6,12,0,12,0,6,0
79,BMAJ Mendis,Delhi Daredevils,2,1,30,36,36,7.2,30,15,0.5
80,BW Hilfenhaus,Chennai Super Kings,17,22,372,479,21.77272727,7.725806452,16.90909091,21.88235294,1.294117647
81,Basil Thampi,Mumbai Indians/Sunrisers Hyderabad/Gujarat Lions,22,17,449,731,43,9.768374165,26.41176471,20.40909091,0.772727273
82,Bipul Sharma,Sunrisers Hyderabad/Kings XI Punjab,28,17,426,572,33.64705882,8.056338028,25.05882353,15.21428571,0.607142857
83,C Ganapathy,Chennai Super Kings,1,0,6,13,0,13,0,6,0
84,C Green,Mumbai Indians,16,6,228,361,60.16666667,9.5,38,14.25,0.375
85,C Munro,Kolkata Knight Riders,2,0,12,15,0,7.5,0,6,0
86,C Nanda,Mumbai Indians,3,2,48,57,28.5,7.125,24,16,0.666666667
87,C Sakariya,Rajasthan Royals/Delhi Capitals,19,20,426,599,29.95,8.436619718,21.3,22.42105263,1.052631579
88,C de Grandhomme,Royal Challengers Bangalore/Kolkata Knight Riders,19,6,216,319,53.16666667,8.861111111,36,11.36842105,0.315789474
89,CH Gayle,Kolkata Knight Riders/Kings XI Punjab/Royal Challengers Bangalore,36,18,518,694,38.55555556,8.038610039,28.77777778,14.38888889,0.5
90,CH Morris,Delhi Capitals/Chennai Super Kings/Delhi Daredevils/Rajasthan Royals/Royal Challengers Bangalore,79,91,1672,2226,24.46153846,7.988038278,18.37362637,21.16455696,1.151898734
91,CJ Anderson,Mumbai Indians/Delhi Daredevils/Royal Challengers Bangalore,22,11,297,518,47.09090909,10.46464646,27,13.5,0.5
92,CJ Dala,Delhi Daredevils,1,0,18,34,0,11.33333333,0,18,0
93,CJ Green,Kolkata Knight Riders,1,0,17,24,0,8.470588235,0,17,0
94,CJ Jordan,Punjab Kings/Kings XI Punjab/Mumbai Indians/Royal Challengers Bangalore/Sunrisers Hyderabad/Chennai Super Kings,32,28,626,982,35.07142857,9.412140575,22.35714286,19.5625,0.875
95,CJ McKay,Mumbai Indians,2,1,42,60,60,8.571428571,42,21,0.5
96,CK Kapugedera,Chennai Super Kings,3,0,17,49,0,17.29411765,0,5.666666667,0
97,CK Langeveldt,Royal Challengers Bangalore/Kolkata Knight Riders,7,13,156,187,14.38461538,7.192307692,12,22.28571429,1.857142857
98,CL White,Royal Challengers Bangalore/Deccan Chargers/Sunrisers Hyderabad,6,1,42,86,86,12.28571429,42,7,0.166666667
99,CR Brathwaite,Delhi Daredevils/Kolkata Knight Riders/Sunrisers Hyderabad,16,13,254,379,29.15384615,8.952755906,19.53846154,15.875,0.8125
100,CR Woakes,Kolkata Knight Riders/Royal Challengers Bangalore/Delhi Capitals,21,29,440,658,22.68965517,8.972727273,15.17241379,20.95238095,1.380952381
101,CRD Fernando,Mumbai Indians,10,16,234,298,18.625,7.641025641,14.625,23.4,1.6
102,CV Varun,Kolkata Knight Riders/Kings XI Punjab,55,59,1264,1572,26.6440678,7.462025316,21.42372881,22.98181818,1.072727273
103,D Brevis,Mumbai Indians,1,1,3,8,8,16,3,3,1
104,D Jansen,Mumbai Indians,1,1,24,53,53,13.25,24,24,1
105,D Kalyankrishna,Deccan Chargers,3,2,48,87,43.5,10.875,24,16,0.666666667
106,D Pretorius,Chennai Super Kings,7,6,150,238,39.66666667,9.52,25,21.42857143,0.857142857
107,D Salunkhe,Rajasthan Royals,5,1,47,78,78,9.957446809,47,9.4,0.2
108,D Wiese,Kolkata Knight Riders/Royal Challengers Bangalore,14,15,272,401,26.73333333,8.845588235,18.13333333,19.42857143,1.071428571
109,D du Preez,Royal Challengers Bangalore,2,4,42,56,14,8,10.5,21,2
110,DA Warner,Sunrisers Hyderabad,1,0,1,2,0,12,0,1,0
111,DAJ Bracewell,Delhi Daredevils,1,3,24,32,10.66666667,8,8,24,3
112,DB Ravi Teja,Deccan Chargers,2,1,18,28,28,9.333333333,18,9,0.5
113,DE Bollinger,Chennai Super Kings,27,35,576,693,19.8,7.21875,16.45714286,21.33333333,1.296296296
114,DG Nalkande,Gujarat Titans,3,3,55,103,34.33333333,11.23636364,18.33333333,18.33333333,1
115,DJ Bravo,Chennai Super Kings/Mumbai Indians/Gujarat Lions,158,172,3120,4360,25.34883721,8.384615385,18.13953488,19.74683544,1.088607595
116,DJ Harris,Deccan Chargers,2,0,18,26,0,8.666666667,0,9,0
117,DJ Hooda,Lucknow Super Giants/Sunrisers Hyderabad/Rajasthan Royals/Punjab Kings,29,9,331,465,51.66666667,8.429003021,36.77777778,11.4137931,0.310344828
118,DJ Hussey,Kings XI Punjab/Kolkata Knight Riders/Chennai Super Kings,26,8,317,474,59.25,8.971608833,39.625,12.19230769,0.307692308
119,DJ Mitchell,Rajasthan Royals,2,0,12,27,0,13.5,0,6,0
120,DJ Muthuswami,Delhi Daredevils,6,4,84,101,25.25,7.214285714,21,14,0.666666667
121,DJ Thornely,Mumbai Indians,4,2,42,40,20,5.714285714,21,10.5,0.5
122,DJ Willey,Chennai Super Kings/Royal Challengers Bangalore,11,6,216,272,45.33333333,7.555555556,36,19.63636364,0.545454545
123,DJG Sammy,Sunrisers Hyderabad/Royal Challengers Bangalore,19,11,236,350,31.81818182,8.898305085,21.45454545,12.42105263,0.578947368
124,DJM Short,Rajasthan Royals,2,1,18,19,19,6.333333333,18,9,0.5
125,DL Chahar,Chennai Super Kings/Rising Pune Supergiants/Rising Pune Supergiant,72,70,1504,1978,28.25714286,7.890957447,21.48571429,20.88888889,0.972222222
126,DL Vettori,Delhi Daredevils/Royal Challengers Bangalore,34,28,777,879,31.39285714,6.787644788,27.75,22.85294118,0.823529412
127,DNT Zoysa,Deccan Chargers,3,1,66,99,99,9,66,22,0.333333333
128,DP Nannes,Delhi Daredevils/Chennai Super Kings/Royal Challengers Bangalore,29,27,646,785,29.07407407,7.291021672,23.92592593,22.27586207,0.931034483
129,DP Vijaykumar,Deccan Chargers,9,4,152,199,49.75,7.855263158,38,16.88888889,0.444444444
130,DR Sams,Mumbai Indians/Delhi Capitals/Royal Challengers Bangalore,16,14,360,523,37.35714286,8.716666667,25.71428571,22.5,0.875
131,DR Smith,Deccan Chargers/Gujarat Lions/Chennai Super Kings/Mumbai Indians,46,26,539,810,31.15384615,9.016697588,20.73076923,11.7173913,0.565217391
132,DS Kulkarni,Mumbai Indians/Rajasthan Royals/Gujarat Lions,91,81,1763,2438,30.09876543,8.297220647,21.7654321,19.37362637,0.89010989
133,DT Christian,Royal Challengers Bangalore/Deccan Chargers/Rising Pune Supergiant/Delhi Daredevils,49,36,883,1192,33.11111111,8.099660249,24.52777778,18.02040816,0.734693878
134,DW Steyn,Royal Challengers Bangalore/Deccan Chargers/Sunrisers Hyderabad/Gujarat Lions,94,94,2152,2471,26.28723404,6.889405204,22.89361702,22.89361702,1
135,F du Plessis,Chennai Super Kings,1,0,6,16,0,16,0,6,0
136,FA Allen,Mumbai Indians/Punjab Kings,4,2,90,136,68,9.066666667,45,22.5,0.5
137,FH Edwards,Deccan Chargers,6,5,140,154,30.8,6.6,28,23.33333333,0.833333333
138,FY Fazal,Rajasthan Royals,2,0,12,20,0,10,0,6,0
139,Fazalhaq Farooqi,Sunrisers Hyderabad,7,6,152,227,37.83333333,8.960526316,25.33333333,21.71428571,0.857142857
140,GB Hogg,Kolkata Knight Riders/Rajasthan Royals,21,23,458,570,24.7826087,7.467248908,19.91304348,21.80952381,1.095238095
141,GC Viljoen,Kings XI Punjab,6,7,138,222,31.71428571,9.652173913,19.71428571,23,1.166666667
142,GD McGrath,Delhi Daredevils,14,12,324,357,29.75,6.611111111,27,23.14285714,0.857142857
143,GD Phillips,Rajasthan Royals/Sunrisers Hyderabad,4,2,30,40,20,8,15,7.5,0.5
144,GH Vihari,Sunrisers Hyderabad/Delhi Capitals,5,0,36,42,0,7,0,7.2,0
145,GHS Garton,Royal Challengers Bangalore,5,3,90,135,45,9,30,18,0.6
146,GJ Maxwell,Kings XI Punjab/Delhi Daredevils/Royal Challengers Bangalore/Mumbai Indians,71,31,818,1135,36.61290323,8.325183374,26.38709677,11.52112676,0.436619718
147,GR Napier,Mumbai Indians,1,1,24,27,27,6.75,24,24,1
148,GS Sandhu,Delhi Daredevils,2,1,48,82,82,10.25,48,24,0.5
149,Gagandeep Singh,Kings XI Punjab,4,3,84,141,47,10.07142857,28,21,0.75
150,Gurkeerat Singh,Kings XI Punjab,6,5,78,97,19.4,7.461538462,15.6,13,0.833333333
151,Gurnoor Brar,Punjab Kings,1,0,18,42,0,14,0,18,0
152,H Sharma,Royal Challengers Bangalore,1,0,18,28,0,9.333333333,0,18,0
153,HF Gurney,Kolkata Knight Riders,8,7,162,238,34,8.814814815,23.14285714,20.25,0.875
154,HH Pandya,Mumbai Indians/Gujarat Titans,80,44,1190,1743,39.61363636,8.788235294,27.04545455,14.875,0.55
155,HR Shokeen,Mumbai Indians,13,5,204,314,62.8,9.235294118,40.8,15.69230769,0.384615385
156,HV Patel,Royal Challengers Bangalore/Delhi Daredevils/Delhi Capitals,87,105,1819,2606,24.81904762,8.595931831,17.32380952,20.90804598,1.206896552
157,Harbhajan Singh,Mumbai Indians/Chennai Super Kings/Kolkata Knight Riders,159,138,3392,4007,29.03623188,7.087853774,24.57971014,21.33333333,0.867924528
158,Harmeet Singh,Deccan Chargers/Kings XI Punjab/Rajasthan Royals,28,25,549,731,29.24,7.989071038,21.96,19.60714286,0.892857143
159,Harpreet Brar,Punjab Kings/Kings XI Punjab,26,18,451,592,32.88888889,7.875831486,25.05555556,17.34615385,0.692307692
160,Harshit Rana,Kolkata Knight Riders,8,6,132,198,33,9,22,16.5,0.75
161,I Malhotra,Deccan Chargers,1,0,6,23,0,23,0,6,0
162,I Sharma,Delhi Capitals/Rising Pune Supergiants/Kolkata Knight Riders/Sunrisers Hyderabad/Kings XI Punjab/Deccan Chargers,99,77,2099,2844,36.93506494,8.129585517,27.25974026,21.2020202,0.777777778
163,I Udana,Royal Challengers Bangalore,9,6,150,237,39.5,9.48,25,16.66666667,0.666666667
164,IC Pandey,Chennai Super Kings/Pune Warriors,24,18,462,591,32.83333333,7.675324675,25.66666667,19.25,0.75
165,IC Porel,Punjab Kings,1,1,24,39,39,9.75,24,24,1
166,IK Pathan,Kings XI Punjab/Delhi Daredevils/Rising Pune Supergiants/Sunrisers Hyderabad,98,76,1989,2562,33.71052632,7.728506787,26.17105263,20.29591837,0.775510204
167,IS Sodhi,Rajasthan Royals,8,9,181,202,22.44444444,6.696132597,20.11111111,22.625,1.125
168,Imran Tahir,Chennai Super Kings/Rising Pune Supergiant/Delhi Daredevils,59,77,1316,1703,22.11688312,7.76443769,17.09090909,22.30508475,1.305084746
169,Iqbal Abdulla,Kolkata Knight Riders/Royal Challengers Bangalore,47,38,908,1092,28.73684211,7.215859031,23.89473684,19.31914894,0.808510638
170,J Botha,Rajasthan Royals/Delhi Daredevils/Kolkata Knight Riders,34,23,694,800,34.7826087,6.916426513,30.17391304,20.41176471,0.676470588
171,J Little,Gujarat Titans,10,7,204,294,42,8.647058824,29.14285714,20.4,0.7
172,J Suchith,Mumbai Indians/Sunrisers Hyderabad/Delhi Capitals,20,18,396,581,32.27777778,8.803030303,22,19.8,0.9
173,J Syed Mohammad,Royal Challengers Bangalore,10,8,180,270,33.75,9,22.5,18,0.8
174,J Theron,Rajasthan Royals/Kings XI Punjab/Deccan Chargers,9,7,192,276,39.42857143,8.625,27.42857143,21.33333333,0.777777778
175,J Yadav,Mumbai Indians/Delhi Daredevils/Gujarat Titans,19,6,384,443,73.83333333,6.921875,64,20.21052632,0.315789474
176,JA Morkel,Chennai Super Kings/Royal Challengers Bangalore/Delhi Daredevils/Rising Pune Supergiants,86,81,1699,2336,28.83950617,8.249558564,20.97530864,19.75581395,0.941860465
177,JA Richardson,Punjab Kings,3,3,66,117,39,10.63636364,22,22,1
178,JC Archer,Rajasthan Royals/Mumbai Indians,40,45,945,1178,26.17777778,7.479365079,21,23.625,1.125
179,JD Ryder,Pune Warriors/Royal Challengers Bangalore,16,8,236,303,37.875,7.703389831,29.5,14.75,0.5
180,JD Unadkat,Mumbai Indians/Rajasthan Royals/Royal Challengers Bangalore/Kolkata Knight Riders/Rising Pune Supergiant/Delhi Daredevils/Lucknow Super Giants,90,80,1890,2813,35.1625,8.93015873,23.625,21,0.888888889
181,JDP Oram,Chennai Super Kings/Rajasthan Royals/Mumbai Indians,14,8,237,349,43.625,8.835443038,29.625,16.92857143,0.571428571
182,JDS Neesham,Delhi Daredevils/Kings XI Punjab/Mumbai Indians/Rajasthan Royals,13,8,216,334,41.75,9.277777778,27,16.61538462,0.615384615
183,JE Root,Rajasthan Royals,1,0,12,14,0,7,0,12,0
184,JE Taylor,Pune Warriors,5,6,117,157,26.16666667,8.051282051,19.5,23.4,1.2
185,JEC Franklin,Mumbai Indians,15,9,151,220,24.44444444,8.741721854,16.77777778,10.06666667,0.6
186,JH Kallis,Royal Challengers Bangalore/Kolkata Knight Riders,88,64,1736,2289,35.765625,7.911290323,27.125,19.72727273,0.727272727
187,JJ Bumrah,Mumbai Indians,116,134,2646,3250,24.25373134,7.369614512,19.74626866,22.81034483,1.155172414
188,JJ van der Wath,Royal Challengers Bangalore,3,3,72,129,43,10.75,24,24,1
189,JL Pattinson,Mumbai Indians,9,11,189,269,24.45454545,8.53968254,17.18181818,21,1.222222222
190,JM Kemp,Chennai Super Kings,4,3,43,53,17.66666667,7.395348837,14.33333333,10.75,0.75
191,JO Holder,Rajasthan Royals/Kolkata Knight Riders/Sunrisers Hyderabad/Lucknow Super Giants/Chennai Super Kings,46,53,995,1461,27.56603774,8.810050251,18.77358491,21.63043478,1.152173913
192,JP Behrendorff,Mumbai Indians,17,19,366,552,29.05263158,9.049180328,19.26315789,21.52941176,1.117647059
193,JP Duminy,Delhi Daredevils/Deccan Chargers/Mumbai Indians,49,21,678,834,39.71428571,7.380530973,32.28571429,13.83673469,0.428571429
194,JP Faulkner,Rajasthan Royals/Kings XI Punjab/Gujarat Lions,55,53,1143,1657,31.26415094,8.69816273,21.56603774,20.78181818,0.963636364
195,JPR Scantlebury-Searles,Kolkata Knight Riders,3,2,42,89,44.5,12.71428571,21,14,0.666666667
196,JR Hazlewood,Chennai Super Kings/Royal Challengers Bangalore,27,34,603,810,23.82352941,8.059701493,17.73529412,22.33333333,1.259259259
197,JR Hopes,Kings XI Punjab/Delhi Daredevils,20,13,360,548,42.15384615,9.133333333,27.69230769,18,0.65
198,JW Hastings,Kolkata Knight Riders/Chennai Super Kings,3,3,58,66,22,6.827586207,19.33333333,19.33333333,1
199,Jalaj S Saxena,Punjab Kings,1,0,18,27,0,9,0,18,0
200,Jaskaran Singh,Deccan Chargers,7,6,102,171,28.5,10.05882353,17,14.57142857,0.857142857
201,Joginder Sharma,Chennai Super Kings,15,12,256,419,34.91666667,9.8203125,21.33333333,17.06666667,0.8
202,K Goel,Kings XI Punjab,6,0,66,93,0,8.454545455,0,11,0
203,K Gowtham,Rajasthan Royals/Lucknow Super Giants/Kings XI Punjab,33,20,552,740,37,8.043478261,27.6,16.72727273,0.606060606
204,K Kartikeya,Mumbai Indians,12,10,234,329,32.9,8.435897436,23.4,19.5,0.833333333
205,K Khejroliya,Kolkata Knight Riders/Royal Challengers Bangalore,6,5,115,200,40,10.43478261,23,19.16666667,0.833333333
206,K Rabada,Delhi Capitals/Punjab Kings/Delhi Daredevils,66,99,1500,2106,21.27272727,8.424,15.15151515,22.72727273,1.5
207,K Santokie,Mumbai Indians,2,3,48,90,30,11.25,16,24,1.5
208,K Upadhyay,Pune Warriors,3,0,54,81,0,9,0,18,0
209,K Yadav,Rajasthan Royals,3,2,54,84,42,9.333333333,27,18,0.666666667
210,KA Jamieson,Royal Challengers Bangalore,9,9,168,269,29.88888889,9.607142857,18.66666667,18.66666667,1
211,KA Pollard,Mumbai Indians,105,63,1470,2141,33.98412698,8.73877551,23.33333333,14,0.6
212,KAJ Roach,Deccan Chargers,2,0,48,80,0,10,0,24,0
213,KC Cariappa,Kings XI Punjab/Kolkata Knight Riders,11,7,216,348,49.71428571,9.666666667,30.85714286,19.63636364,0.636363636
214,KH Pandya,Mumbai Indians/Lucknow Super Giants,101,61,1846,2280,37.37704918,7.410617551,30.26229508,18.27722772,0.603960396
215,KJ Abbott,Kings XI Punjab,5,2,96,177,88.5,11.0625,48,19.2,0.4
216,KK Ahmed,Delhi Capitals/Sunrisers Hyderabad,41,54,928,1318,24.40740741,8.521551724,17.18518519,22.63414634,1.317073171
217,KK Cooper,Rajasthan Royals,25,32,576,757,23.65625,7.885416667,18,23.04,1.28
218,KL Nagarkoti,Kolkata Knight Riders/Delhi Capitals,11,5,180,285,57,9.5,36,16.36363636,0.454545455
219,KM Asif,Rajasthan Royals/Chennai Super Kings,7,7,133,232,33.14285714,10.46616541,19,19,1
220,KMA Paul,Delhi Capitals,8,9,163,237,26.33333333,8.72392638,18.11111111,20.375,1.125
221,KMDN Kulasekara,Chennai Super Kings,5,4,102,120,30,7.058823529,25.5,20.4,0.8
222,KP Appanna,Royal Challengers Bangalore,13,9,216,286,31.77777778,7.944444444,24,16.61538462,0.692307692
223,KP Pietersen,Delhi Daredevils/Royal Challengers Bangalore,13,7,174,215,30.71428571,7.413793103,24.85714286,13.38461538,0.538461538
224,KR Mayers,Lucknow Super Giants,6,0,42,59,0,8.428571429,0,7,0
225,KR Sen,Rajasthan Royals,9,7,169,265,37.85714286,9.408284024,24.14285714,18.77777778,0.777777778
226,KS Williamson,Sunrisers Hyderabad,2,0,18,31,0,10.33333333,0,9,0
227,KV Sharma,Sunrisers Hyderabad/Mumbai Indians/Chennai Super Kings/Royal Challengers Bangalore,73,67,1351,1833,27.35820896,8.140636566,20.1641791,18.50684932,0.917808219
228,KW Richardson,Rajasthan Royals/Royal Challengers Bangalore/Pune Warriors,14,17,311,444,26.11764706,8.565916399,18.29411765,22.21428571,1.214285714
229,Kamran Khan,Rajasthan Royals/Pune Warriors,8,6,136,206,34.33333333,9.088235294,22.66666667,17,0.75
230,Karanveer Singh,Kings XI Punjab,9,12,204,321,26.75,9.441176471,17,22.66666667,1.333333333
231,Kartik Tyagi,Rajasthan Royals/Sunrisers Hyderabad,19,15,398,662,44.13333333,9.979899497,26.53333333,20.94736842,0.789473684
232,Kuldeep Yadav,Kolkata Knight Riders/Delhi Capitals,69,62,1446,1957,31.56451613,8.12033195,23.32258065,20.95652174,0.898550725
233,L Ablish,Kings XI Punjab,3,3,42,75,25,10.71428571,14,14,1
234,L Balaji,Chennai Super Kings/Kolkata Knight Riders/Kings XI Punjab,72,73,1488,1999,27.38356164,8.060483871,20.38356164,20.66666667,1.013888889
235,L Ngidi,Chennai Super Kings,14,24,324,448,18.66666667,8.296296296,13.5,23.14285714,1.714285714
236,LA Carseldine,Rajasthan Royals,1,1,6,6,6,6,6,6,1
237,LE Plunkett,Delhi Daredevils,7,4,150,225,56.25,9,37.5,21.42857143,0.571428571
238,LH Ferguson,Gujarat Titans/Kolkata Knight Riders/Rising Pune Supergiant,36,33,763,1118,33.87878788,8.791612058,23.12121212,21.19444444,0.916666667
239,LI Meriwala,Delhi Capitals,1,1,18,32,32,10.66666667,18,18,1
240,LJ Wright,Pune Warriors,6,2,71,124,62,10.47887324,35.5,11.83333333,0.333333333
241,LMP Simmons,Mumbai Indians,1,1,18,34,34,11.33333333,18,18,1
242,LPC Silva,Deccan Chargers,1,0,6,21,0,21,0,6,0
243,LR Shukla,Kolkata Knight Riders/Delhi Daredevils,27,14,314,447,31.92857143,8.541401274,22.42857143,11.62962963,0.518518519
244,LRPL Taylor,Rajasthan Royals/Royal Challengers Bangalore,2,0,12,24,0,12,0,6,0
245,LS Livingstone,Punjab Kings/Rajasthan Royals,18,6,186,309,51.5,9.967741935,31,10.33333333,0.333333333
246,Lalit Yadav,Delhi Capitals,17,9,270,369,41,8.2,30,15.88235294,0.529411765
247,M Ashwin,Rising Pune Supergiants/Mumbai Indians/Kings XI Punjab/Royal Challengers Bangalore/Punjab Kings/Rajasthan Royals,43,34,852,1134,33.35294118,7.985915493,25.05882353,19.81395349,0.790697674
248,M Jansen,Sunrisers Hyderabad/Mumbai Indians,18,19,390,587,30.89473684,9.030769231,20.52631579,21.66666667,1.055555556
249,M Kartik,Kolkata Knight Riders/Pune Warriors/Royal Challengers Bangalore/Kings XI Punjab,54,29,1125,1361,46.93103448,7.258666667,38.79310345,20.83333333,0.537037037
250,M Manhas,Pune Warriors,3,0,42,42,0,6,0,14,0
251,M Markande,Mumbai Indians/Sunrisers Hyderabad/Rajasthan Royals,30,28,588,810,28.92857143,8.265306122,21,19.6,0.933333333
252,M Morkel,Delhi Daredevils/Kolkata Knight Riders/Rajasthan Royals,68,75,1581,2017,26.89333333,7.654648956,21.08,23.25,1.102941176
253,M Muralitharan,Chennai Super Kings/Royal Challengers Bangalore/Kochi Tuskers Kerala,64,58,1476,1662,28.65517241,6.756097561,25.44827586,23.0625,0.90625
254,M Ntini,Chennai Super Kings,9,7,210,242,34.57142857,6.914285714,30,23.33333333,0.777777778
255,M Pathirana,Chennai Super Kings,13,19,299,401,21.10526316,8.046822742,15.73684211,23,1.461538462
256,M Prasidh Krishna,Rajasthan Royals/Kolkata Knight Riders,50,49,1121,1671,34.10204082,8.943800178,22.87755102,22.42,0.98
257,M Theekshana,Chennai Super Kings,21,21,480,616,29.33333333,7.7,22.85714286,22.85714286,1
258,M Vijay,Kings XI Punjab/Delhi Daredevils,4,0,36,49,0,8.166666667,0,9,0
259,M de Lange,Kolkata Knight Riders/Mumbai Indians,5,5,108,169,33.8,9.388888889,21.6,21.6,1
260,MA Khote,Mumbai Indians,2,2,30,51,25.5,10.2,15,15,1
261,MA Starc,Royal Challengers Bangalore,25,34,556,658,19.35294118,7.100719424,16.35294118,22.24,1.36
262,MA Wood,Chennai Super Kings/Lucknow Super Giants,5,11,120,179,16.27272727,8.95,10.90909091,24,2.2
263,MB Parmar,Kolkata Knight Riders,1,0,18,33,0,11,0,18,0
264,MC Henriques,Kolkata Knight Riders/Sunrisers Hyderabad/Punjab Kings/Delhi Daredevils/Royal Challengers Bangalore,59,39,932,1275,32.69230769,8.208154506,23.8974359,15.79661017,0.661016949
265,MF Maharoof,Delhi Daredevils,20,27,420,520,19.25925926,7.428571429,15.55555556,21,1.35
266,MG Bracewell,Royal Challengers Bangalore,5,6,66,95,15.83333333,8.636363636,11,13.2,1.2
267,MG Johnson,Kings XI Punjab/Mumbai Indians/Kolkata Knight Riders,53,60,1208,1669,27.81666667,8.289735099,20.13333333,22.79245283,1.132075472
268,MG Neser,Kings XI Punjab,1,0,24,62,0,15.5,0,24,0
269,MJ Clarke,Pune Warriors,5,2,66,67,33.5,6.090909091,33,13.2,0.4
270,MJ Henry,Kings XI Punjab,2,1,30,71,71,14.2,30,15,0.5
271,MJ McClenaghan,Mumbai Indians,55,71,1250,1753,24.69014085,8.4144,17.6056338,22.72727273,1.290909091
272,MJ Santner,Chennai Super Kings,15,12,312,358,29.83333333,6.884615385,26,20.8,0.8
273,MK Lomror,Royal Challengers Bangalore/Rajasthan Royals,10,1,84,109,109,7.785714286,84,8.4,0.1
274,MK Tiwary,Kolkata Knight Riders/Kings XI Punjab/Delhi Daredevils,6,1,42,83,83,11.85714286,42,7,0.166666667
275,MM Ali,Chennai Super Kings/Royal Challengers Bangalore,47,30,686,809,26.96666667,7.075801749,22.86666667,14.59574468,0.638297872
276,MM Patel,Mumbai Indians/Rajasthan Royals/Gujarat Lions,62,70,1337,1662,23.74285714,7.458489155,19.1,21.56451613,1.129032258
277,MM Sharma,Chennai Super Kings/Kings XI Punjab/Gujarat Titans,99,115,1995,2786,24.22608696,8.378947368,17.34782609,20.15151515,1.161616162
278,MN Samuels,Pune Warriors/Delhi Daredevils,11,9,214,284,31.55555556,7.962616822,23.77777778,19.45454545,0.818181818
279,MP Stoinis,Delhi Capitals/Kings XI Punjab/Lucknow Super Giants/Royal Challengers Bangalore,53,37,695,1107,29.91891892,9.556834532,18.78378378,13.11320755,0.698113208
280,MR Marsh,Deccan Chargers/Delhi Capitals/Pune Warriors/Rising Pune Supergiants/Sunrisers Hyderabad,30,35,499,681,19.45714286,8.188376754,14.25714286,16.63333333,1.166666667
281,MS Gony,Chennai Super Kings/Deccan Chargers/Kings XI Punjab/Gujarat Lions,43,35,876,1267,36.2,8.678082192,25.02857143,20.37209302,0.813953488
282,MW Short,Punjab Kings,3,0,24,25,0,6.25,0,8,0
283,Mandeep Singh,Kings XI Punjab,2,0,12,26,0,13,0,6,0
284,Mashrafe Mortaza,Kolkata Knight Riders,1,0,24,58,0,14.5,0,24,0
285,Mayank Dagar,Sunrisers Hyderabad,3,1,66,83,83,7.545454545,66,22,0.333333333
286,Mohammad Asif,Delhi Daredevils,8,7,192,296,42.28571429,9.25,27.42857143,24,0.875
287,Mohammad Hafeez,Kolkata Knight Riders,4,2,60,68,34,6.8,30,15,0.5
288,Mohammad Nabi,Sunrisers Hyderabad,16,12,319,384,32,7.222570533,26.58333333,19.9375,0.75
289,Mohammed Shami,Gujarat Titans/Delhi Daredevils/Punjab Kings/Kings XI Punjab/Kolkata Knight Riders,108,120,2378,3368,28.06666667,8.497897393,19.81666667,22.01851852,1.111111111
290,Mohammed Siraj,Royal Challengers Bangalore/Sunrisers Hyderabad,79,77,1634,2326,30.20779221,8.541003672,21.22077922,20.6835443,0.974683544
291,Mohit Rathee,Punjab Kings,1,0,12,29,0,14.5,0,12,0
292,Mohsin Khan,Lucknow Super Giants,13,17,258,304,17.88235294,7.069767442,15.17647059,19.84615385,1.307692308
293,Monu Kumar,Chennai Super Kings,1,0,12,20,0,10,0,12,0
294,Mujeeb Ur Rahman,Kings XI Punjab/Sunrisers Hyderabad,19,19,434,592,31.15789474,8.184331797,22.84210526,22.84210526,1
295,Mukesh Choudhary,Chennai Super Kings,13,16,273,424,26.5,9.318681319,17.0625,21,1.230769231
296,Mukesh Kumar,Delhi Capitals,10,5,186,326,65.2,10.51612903,37.2,18.6,0.5
297,Mustafizur Rahman,Sunrisers Hyderabad/Mumbai Indians/Delhi Capitals/Rajasthan Royals,48,45,1092,1444,32.08888889,7.934065934,24.26666667,22.75,0.9375
298,N Rana,Kolkata Knight Riders/Mumbai Indians,23,10,174,244,24.4,8.413793103,17.4,7.565217391,0.434782609
299,NA Saini,Rajasthan Royals,1,0,12,34,0,17,0,12,0
300,NB Singh,Gujarat Lions,2,1,24,15,15,3.75,24,12,0.5
301,ND Doshi,Rajasthan Royals/Royal Challengers Bangalore,4,2,56,79,39.5,8.464285714,28,14,0.5
302,NJ Rimmington,Kings XI Punjab,1,0,18,19,0,6.333333333,0,18,0
303,NL McCullum,Pune Warriors,2,0,30,34,0,6.8,0,15,0
304,NLTC Perera,Rising Pune Supergiants/Kochi Tuskers Kerala/Kings XI Punjab/Sunrisers Hyderabad/Mumbai Indians/Chennai Super Kings,35,30,674,995,33.16666667,8.857566766,22.46666667,19.25714286,0.857142857
305,NM Coulter-Nile,Mumbai Indians/Delhi Daredevils/Kolkata Knight Riders/Rajasthan Royals,37,46,833,1067,23.19565217,7.68547419,18.10869565,22.51351351,1.243243243
306,NT Ellis,Punjab Kings,15,16,330,484,30.25,8.8,20.625,22,1.066666667
307,Navdeep Saini,Royal Challengers Bangalore/Rajasthan Royals,29,23,616,885,38.47826087,8.62012987,26.7826087,21.24137931,0.793103448
308,Naveen-ul-Haq,Lucknow Super Giants,7,11,168,223,20.27272727,7.964285714,15.27272727,24,1.571428571
309,Nithish Kumar Reddy,Sunrisers Hyderabad,2,0,30,54,0,10.8,0,15,0
310,Noor Ahmad,Gujarat Titans,13,15,283,369,24.6,7.823321555,18.86666667,21.76923077,1.153846154
311,O Thomas,Rajasthan Royals,3,3,54,73,24.33333333,8.111111111,18,18,1
312,OC McCoy,Rajasthan Royals,8,11,161,254,23.09090909,9.465838509,14.63636364,20.125,1.375
313,OF Smith,Punjab Kings,6,6,90,178,29.66666667,11.86666667,15,15,1
314,P Amarnath,Chennai Super Kings,6,7,132,236,33.71428571,10.72727273,18.85714286,22,1.166666667
315,P Awana,Kings XI Punjab,33,39,747,1029,26.38461538,8.265060241,19.15384615,22.63636364,1.181818182
316,P Dubey,Delhi Capitals,4,1,66,91,91,8.272727273,66,16.5,0.25
317,P Kumar,Royal Challengers Bangalore/Kings XI Punjab/Sunrisers Hyderabad/Gujarat Lions/Mumbai Indians,119,89,2524,3251,36.52808989,7.728209192,28.35955056,21.21008403,0.74789916
318,P Negi,Chennai Super Kings/Delhi Daredevils/Royal Challengers Bangalore,42,32,716,939,29.34375,7.868715084,22.375,17.04761905,0.761904762
319,P Parameswaran,Kochi Tuskers Kerala/Royal Challengers Bangalore,8,8,154,224,28,8.727272727,19.25,19.25,1
320,P Prasanth,Kochi Tuskers Kerala,1,0,6,18,0,18,0,6,0
321,P Ray Barman,Royal Challengers Bangalore,1,0,24,56,0,14,0,24,0
322,P Sahu,Kings XI Punjab,5,3,105,146,48.66666667,8.342857143,35,21,0.6
323,P Suyal,Mumbai Indians,5,2,96,151,75.5,9.4375,48,19.2,0.4
324,PC Valthaty,Kings XI Punjab,10,7,151,205,29.28571429,8.145695364,21.57142857,15.1,0.7
325,PD Collingwood,Delhi Daredevils,6,4,89,101,25.25,6.808988764,22.25,14.83333333,0.666666667
326,PH Solanki,Chennai Super Kings,2,2,36,38,19,6.333333333,18,18,1
327,PJ Cummins,Kolkata Knight Riders/Delhi Daredevils,41,44,929,1329,30.20454545,8.583423036,21.11363636,22.65853659,1.073170732
328,PJ Sangwan,Delhi Daredevils/Gujarat Lions/Gujarat Titans/Mumbai Indians/Kolkata Knight Riders,42,38,856,1240,32.63157895,8.691588785,22.52631579,20.38095238,0.904761905
329,PM Sarvesh Kumar,Deccan Chargers,2,1,30,42,42,8.4,30,15,0.5
330,PP Chawla,Kings XI Punjab/Kolkata Knight Riders/Chennai Super Kings/Mumbai Indians,177,171,3574,4706,27.52046784,7.900391718,20.9005848,20.1920904,0.966101695
331,PP Ojha,Mumbai Indians/Deccan Chargers,90,89,1899,2332,26.20224719,7.368088468,21.33707865,21.1,0.988888889
332,PV Tambe,Rajasthan Royals/Gujarat Lions,30,22,600,763,34.68181818,7.63,27.27272727,20,0.733333333
333,PVD Chameera,Lucknow Super Giants,12,9,264,384,42.66666667,8.727272727,29.33333333,22,0.75
334,PWH de Silva,Royal Challengers Bangalore,26,33,552,748,22.66666667,8.130434783,16.72727273,21.23076923,1.269230769
335,Pankaj Singh,Rajasthan Royals/Royal Challengers Bangalore,17,11,300,468,42.54545455,9.36,27.27272727,17.64705882,0.647058824
336,Parvez Rasool,Sunrisers Hyderabad/Royal Challengers Bangalore/Pune Warriors,11,4,198,271,67.75,8.212121212,49.5,18,0.363636364
337,R Ashwin,Delhi Capitals/Chennai Super Kings/Rising Pune Supergiants/Rajasthan Royals/Kings XI Punjab,191,164,4140,4841,29.51829268,7.015942029,25.24390244,21.67539267,0.858638743
338,R Bhatia,Delhi Daredevils/Rajasthan Royals/Kolkata Knight Riders/Rising Pune Supergiants/Rising Pune Supergiant,90,68,1612,1991,29.27941176,7.410669975,23.70588235,17.91111111,0.755555556
339,R Dhawan,Kings XI Punjab/Mumbai Indians/Punjab Kings,35,25,644,856,34.24,7.97515528,25.76,18.4,0.714285714
340,R Goyal,Mumbai Indians,1,0,24,33,0,8.25,0,24,0
341,R McLaren,Kolkata Knight Riders/Kings XI Punjab/Mumbai Indians,18,12,354,542,45.16666667,9.186440678,29.5,19.66666667,0.666666667
342,R Ninan,Royal Challengers Bangalore,2,3,36,65,21.66666667,10.83333333,12,18,1.5
343,R Parag,Rajasthan Royals,18,3,151,270,90,10.72847682,50.33333333,8.388888889,0.166666667
344,R Powell,Delhi Capitals,2,1,18,35,35,11.66666667,18,9,0.5
345,R Rampaul,Royal Challengers Bangalore,11,14,238,270,19.28571429,6.806722689,17,21.63636364,1.272727273
346,R Sai Kishore,Gujarat Titans,5,6,96,121,20.16666667,7.5625,16,19.2,1.2
347,R Sanjay Yadav,Mumbai Indians,1,0,12,23,0,11.5,0,12,0
348,R Sathish,Kings XI Punjab/Kolkata Knight Riders/Mumbai Indians,14,2,139,232,116,10.01438849,69.5,9.928571429,0.142857143
349,R Sharma,Delhi Daredevils/Pune Warriors/Deccan Chargers,43,38,922,1082,28.47368421,7.041214751,24.26315789,21.44186047,0.88372093
350,R Shepherd,Sunrisers Hyderabad,3,3,54,98,32.66666667,10.88888889,18,18,1
351,R Shukla,Delhi Daredevils/Rajasthan Royals/Mumbai Indians,7,5,120,208,41.6,10.4,24,17.14285714,0.714285714
352,R Tewatia,Delhi Capitals/Rajasthan Royals/Kings XI Punjab/Delhi Daredevils/Gujarat Titans,51,31,825,1080,34.83870968,7.854545455,26.61290323,16.17647059,0.607843137
353,R Vinay Kumar,Mumbai Indians/Royal Challengers Bangalore/Kochi Tuskers Kerala/Kolkata Knight Riders,101,98,2049,2888,29.46938776,8.456808199,20.90816327,20.28712871,0.97029703
354,RA Jadeja,Chennai Super Kings/Rajasthan Royals/Kochi Tuskers Kerala/Gujarat Lions,194,144,3517,4466,31.01388889,7.61899346,24.42361111,18.12886598,0.742268041
355,RA Shaikh,Mumbai Indians,1,0,6,11,0,11,0,6,0
356,RA Tripathi,Rising Pune Supergiant,1,0,6,12,0,12,0,6,0
357,RD Chahar,Punjab Kings/Mumbai Indians/Rising Pune Supergiant,65,59,1406,1777,30.11864407,7.583214794,23.83050847,21.63076923,0.907692308
358,RE van der Merwe,Delhi Daredevils/Royal Challengers Bangalore,21,19,443,498,26.21052632,6.744920993,23.31578947,21.0952381,0.904761905
359,RG More,Chennai Super Kings,2,1,35,59,59,10.11428571,35,17.5,0.5
360,RG Sharma,Deccan Chargers/Mumbai Indians,32,14,339,453,32.35714286,8.017699115,24.21428571,10.59375,0.4375
361,RJ Harris,Kings XI Punjab/Deccan Chargers,37,43,832,1047,24.34883721,7.550480769,19.34883721,22.48648649,1.162162162
362,RJ Peterson,Mumbai Indians,4,3,48,70,23.33333333,8.75,16,12,0.75
363,RJW Topley,Royal Challengers Bangalore,1,1,12,14,14,7,12,12,1
364,RN ten Doeschate,Kolkata Knight Riders,10,1,78,94,94,7.230769231,78,7.8,0.1
365,RP Meredith,Mumbai Indians/Punjab Kings,18,19,388,612,32.21052632,9.463917526,20.42105263,21.55555556,1.055555556
366,RP Singh,Kochi Tuskers Kerala/Mumbai Indians/Deccan Chargers/Royal Challengers Bangalore/Rising Pune Supergiants,81,88,1751,2290,26.02272727,7.846944603,19.89772727,21.61728395,1.086419753
367,RR Bhatkal,Royal Challengers Bangalore,1,0,12,35,0,17.5,0,12,0
368,RR Bose,Kings XI Punjab,1,0,12,24,0,12,0,12,0
369,RR Powar,Kings XI Punjab/Kochi Tuskers Kerala,25,12,402,505,42.08333333,7.537313433,33.5,16.08,0.48
370,RR Raje,Mumbai Indians,10,6,139,209,34.83333333,9.021582734,23.16666667,13.9,0.6
371,RS Bopara,Kings XI Punjab/Sunrisers Hyderabad,14,8,206,292,36.5,8.504854369,25.75,14.71428571,0.571428571
372,RS Gavaskar,Kolkata Knight Riders,1,0,6,8,0,8,0,6,0
373,RS Hangargekar,Chennai Super Kings,2,3,36,60,20,10,12,18,1.5
374,RV Gomez,Kochi Tuskers Kerala/Pune Warriors,9,5,96,129,25.8,8.0625,19.2,10.66666667,0.555555556
375,RV Patel,Delhi Capitals,1,0,18,22,0,7.333333333,0,18,0
376,RW Price,Mumbai Indians,1,0,18,33,0,11,0,18,0
377,Ramandeep Singh,Mumbai Indians,3,5,36,54,10.8,9,7.2,12,1.666666667
378,Rashid Khan,Gujarat Titans/Sunrisers Hyderabad,106,135,2525,2805,20.77777778,6.665346535,18.7037037,23.82075472,1.273584906
379,Rasikh Salam,Mumbai Indians/Kolkata Knight Riders,3,0,48,70,0,8.75,0,16,0
380,Ravi Bishnoi,Lucknow Super Giants/Punjab Kings/Kings XI Punjab,49,50,1113,1419,28.38,7.649595687,22.26,22.71428571,1.020408163
381,S Aravind,Royal Challengers Bangalore,38,42,760,1039,24.73809524,8.202631579,18.0952381,20,1.105263158
382,S Badree,Royal Challengers Bangalore/Chennai Super Kings/Rajasthan Royals,12,11,258,319,29,7.418604651,23.45454545,21.5,0.916666667
383,S Dhawan,Deccan Chargers,6,4,48,66,16.5,8.25,12,8,0.666666667
384,S Dube,Chennai Super Kings/Royal Challengers Bangalore/Rajasthan Royals,13,4,106,166,41.5,9.396226415,26.5,8.153846154,0.307692308
385,S Gopal,Rajasthan Royals/Mumbai Indians/Sunrisers Hyderabad,47,40,943,1270,31.75,8.080593849,23.575,20.06382979,0.85106383
386,S Kaul,Sunrisers Hyderabad/Delhi Daredevils/Royal Challengers Bangalore,54,56,1185,1708,30.5,8.648101266,21.16071429,21.94444444,1.037037037
387,S Kaushik,Gujarat Lions,10,6,204,297,49.5,8.735294118,34,20.4,0.6
388,S Ladda,Kolkata Knight Riders/Delhi Daredevils/Gujarat Lions,9,5,138,224,44.8,9.739130435,27.6,15.33333333,0.555555556
389,S Lamichhane,Delhi Daredevils/Delhi Capitals,8,11,186,263,23.90909091,8.483870968,16.90909091,23.25,1.375
390,S Midhun,Rajasthan Royals,1,0,12,27,0,13.5,0,12,0
391,S Nadeem,Delhi Daredevils/Sunrisers Hyderabad,69,43,1391,1758,40.88372093,7.583033789,32.34883721,20.15942029,0.623188406
392,S Narwal,Rajasthan Royals/Kolkata Knight Riders,6,5,106,202,40.4,11.43396226,21.2,17.66666667,0.833333333
393,S Rana,Pune Warriors/Royal Challengers Bangalore,3,0,16,18,0,6.75,0,5.333333333,0
394,S Randiv,Chennai Super Kings,8,6,174,223,37.16666667,7.689655172,29,21.75,0.75
395,S Sandeep Warrier,Kolkata Knight Riders,5,2,102,134,67,7.882352941,51,20.4,0.4
396,S Sreesanth,Kings XI Punjab/Kochi Tuskers Kerala/Rajasthan Royals,44,40,880,1194,29.85,8.140909091,22,20,0.909090909
397,S Sriram,Royal Challengers Bangalore/Delhi Daredevils,2,0,18,49,0,16.33333333,0,9,0
398,S Tyagi,Chennai Super Kings,14,6,209,295,49.16666667,8.468899522,34.83333333,14.92857143,0.428571429
399,S Vidyut,Chennai Super Kings,1,1,12,22,22,11,12,12,1
400,SA Abbott,Royal Challengers Bangalore/Sunrisers Hyderabad,3,0,54,104,0,11.55555556,0,18,0
401,SA Yadav,Kolkata Knight Riders,1,0,6,8,0,8,0,6,0
402,SB Bangar,Deccan Chargers,9,4,150,219,54.75,8.76,37.5,16.66666667,0.444444444
403,SB Jakati,Chennai Super Kings/Gujarat Lions/Royal Challengers Bangalore,57,45,1085,1451,32.24444444,8.023963134,24.11111111,19.03508772,0.789473684
404,SB Joshi,Royal Challengers Bangalore,4,1,55,82,82,8.945454545,55,13.75,0.25
405,SB Styris,Deccan Chargers/Chennai Super Kings,11,8,216,276,34.5,7.666666667,27,19.63636364,0.727272727
406,SB Wagh,Rajasthan Royals/Pune Warriors,8,5,102,137,27.4,8.058823529,20.4,12.75,0.625
407,SC Ganguly,Kolkata Knight Riders/Pune Warriors,19,10,258,340,34,7.906976744,25.8,13.57894737,0.526315789
408,SC Kuggeleijn,Chennai Super Kings,2,2,48,71,35.5,8.875,24,24,1
409,SD Chitnis,Mumbai Indians,2,2,36,60,30,10,18,18,1
410,SE Bond,Kolkata Knight Riders,8,8,186,224,28,7.225806452,23.25,23.25,1
411,SE Rutherford,Delhi Capitals,6,1,41,59,59,8.634146341,41,6.833333333,0.166666667
412,SJ Srivastava,Kings XI Punjab,13,13,264,416,32,9.454545455,20.30769231,20.30769231,1
413,SK Raina,Chennai Super Kings/Gujarat Lions,67,22,873,1077,48.95454545,7.402061856,39.68181818,13.02985075,0.328358209
414,SK Trivedi,Rajasthan Royals,75,63,1506,1904,30.22222222,7.585657371,23.9047619,20.08,0.84
415,SK Warne,Rajasthan Royals,53,50,1170,1422,28.44,7.292307692,23.4,22.0754717,0.943396226
416,SL Malinga,Mumbai Indians,120,162,2779,3295,20.33950617,7.114069809,17.15432099,23.15833333,1.35
417,SM Boland,Rising Pune Supergiants,2,2,42,54,27,7.714285714,21,21,1
418,SM Curran,Kings XI Punjab/Chennai Super Kings/Punjab Kings,45,41,935,1484,36.19512195,9.522994652,22.80487805,20.77777778,0.911111111
419,SM Harwood,Rajasthan Royals,3,3,60,73,24.33333333,7.3,20,20,1
420,SM Pollock,Mumbai Indians,13,11,276,301,27.36363636,6.543478261,25.09090909,21.23076923,0.846153846
421,SMSM Senanayake,Kolkata Knight Riders,8,9,192,209,23.22222222,6.53125,21.33333333,24,1.125
422,SN Khan,Kings XI Punjab,1,0,2,6,0,18,0,2,0
423,SN Thakur,Chennai Super Kings/Delhi Capitals/Rising Pune Supergiant/Kolkata Knight Riders/Kings XI Punjab,83,86,1676,2560,29.76744186,9.164677804,19.48837209,20.19277108,1.036144578
424,SP Narine,Kolkata Knight Riders,160,155,3721,4175,26.93548387,6.732061274,24.00645161,23.25625,0.96875
425,SPD Smith,Pune Warriors,1,0,2,5,0,15,0,2,0
426,SR Tendulkar,Mumbai Indians,4,0,36,58,0,9.666666667,0,9,0
427,SR Watson,Rajasthan Royals/Royal Challengers Bangalore/Chennai Super Kings,102,90,1987,2616,29.06666667,7.899345747,22.07777778,19.48039216,0.882352941
428,SS Agarwal,Gujarat Lions,1,0,24,42,0,10.5,0,24,0
429,SS Cottrell,Kings XI Punjab,5,4,96,152,38,9.5,24,19.2,0.8
430,SS Iyer,Kolkata Knight Riders,1,0,6,7,0,7,0,6,0
431,SS Sarkar,Kolkata Knight Riders,2,1,25,34,34,8.16,25,12.5,0.5
432,SSB Magala,Chennai Super Kings,2,1,36,51,51,8.5,36,18,0.5
433,ST Jayasuriya,Mumbai Indians,21,13,294,390,30,7.959183673,22.61538462,14,0.619047619
434,STR Binny,Rajasthan Royals/Royal Challengers Bangalore/Mumbai Indians,60,21,552,706,33.61904762,7.673913043,26.28571429,9.2,0.35
435,SW Tait,Rajasthan Royals,21,22,473,640,29.09090909,8.118393235,21.5,22.52380952,1.047619048
436,Sachin Baby,Royal Challengers Bangalore,2,2,10,8,4,4.8,5,5,1
437,Sandeep Sharma,Kings XI Punjab/Rajasthan Royals/Sunrisers Hyderabad/Punjab Kings,114,119,2546,3346,28.11764706,7.885310291,21.39495798,22.33333333,1.043859649
438,Shahbaz Ahmed,Royal Challengers Bangalore,27,13,372,567,43.61538462,9.14516129,28.61538462,13.77777778,0.481481481
439,Shahid Afridi,Deccan Chargers,10,9,180,225,25,7.5,20,18,0.9
440,Shakib Al Hasan,Kolkata Knight Riders/Sunrisers Hyderabad,69,60,1460,1816,30.26666667,7.463013699,24.33333333,21.15942029,0.869565217
441,Shashank Singh,Sunrisers Hyderabad,2,0,12,20,0,10,0,6,0
442,Shivam Mavi,Kolkata Knight Riders,31,28,631,908,32.42857143,8.633914422,22.53571429,20.35483871,0.903225806
443,Shivam Sharma,Kings XI Punjab,4,3,96,121,40.33333333,7.5625,32,24,0.75
444,Shoaib Ahmed,Deccan Chargers,7,5,102,152,30.4,8.941176471,20.4,14.57142857,0.714285714
445,Shoaib Akhtar,Kolkata Knight Riders,3,5,42,54,10.8,7.714285714,8.4,14,1.666666667
446,Shoaib Malik,Delhi Daredevils,5,1,51,85,85,10,51,10.2,0.2
447,Sikandar Raza,Punjab Kings,6,3,72,123,41,10.25,24,12,0.5
448,Simarjeet Singh,Chennai Super Kings,6,4,108,138,34.5,7.666666667,27,18,0.666666667
449,Sohail Tanvir,Rajasthan Royals,11,22,247,266,12.09090909,6.461538462,11.22727273,22.45454545,2
450,Sunny Gupta,Delhi Daredevils,1,0,18,47,0,15.66666667,0,18,0
451,Suyash Sharma,Kolkata Knight Riders,11,10,234,321,32.1,8.230769231,23.4,21.27272727,0.909090909
452,Swapnil Singh,Kings XI Punjab/Lucknow Super Giants,7,0,72,108,0,9,0,10.28571429,0
453,T Henderson,Rajasthan Royals,2,1,36,40,40,6.666666667,36,18,0.5
454,T Natarajan,Sunrisers Hyderabad/Kings XI Punjab,46,45,1005,1464,32.53333333,8.740298507,22.33333333,21.84782609,0.97826087
455,T Shamsi,Royal Challengers Bangalore/Rajasthan Royals,5,2,120,181,90.5,9.05,60,24,0.4
456,T Stubbs,Mumbai Indians,1,1,12,14,14,7,12,12,1
457,T Thushara,Chennai Super Kings,6,8,135,161,20.125,7.155555556,16.875,22.5,1.333333333
458,TA Boult,Mumbai Indians/Delhi Capitals/Rajasthan Royals/Delhi Daredevils/Sunrisers Hyderabad/Kolkata Knight Riders,86,100,1969,2705,27.05,8.242762824,19.69,22.89534884,1.162790698
459,TG Southee,Rajasthan Royals/Mumbai Indians/Royal Challengers Bangalore/Chennai Super Kings/Kolkata Knight Riders,53,43,1182,1710,39.76744186,8.680203046,27.48837209,22.30188679,0.811320755
460,TK Curran,Rajasthan Royals/Delhi Capitals/Kolkata Knight Riders,13,13,238,430,33.07692308,10.84033613,18.30769231,18.30769231,1
461,TL Suman,Deccan Chargers/Pune Warriors/Mumbai Indians,11,6,150,197,32.83333333,7.88,25,13.63636364,0.545454545
462,TM Dilshan,Royal Challengers Bangalore/Delhi Daredevils,24,5,265,356,71.2,8.060377358,53,11.04166667,0.208333333
463,TM Head,Royal Challengers Bangalore,5,2,48,81,40.5,10.125,24,9.6,0.4
464,TP Sudhindra,Deccan Chargers,3,1,70,136,136,11.65714286,70,23.33333333,0.333333333
465,TS Mills,Mumbai Indians/Royal Challengers Bangalore,10,11,209,343,31.18181818,9.846889952,19,20.9,1.1
466,TU Deshpande,Chennai Super Kings/Delhi Capitals,22,25,479,819,32.76,10.25887265,19.16,21.77272727,1.136363636
467,Tejas Baroka,Gujarat Lions,1,0,21,33,0,9.428571429,0,21,0
468,Tilak Varma,Mumbai Indians,3,0,18,20,0,6.666666667,0,6,0
469,UT Yadav,Kolkata Knight Riders/Delhi Daredevils/Royal Challengers Bangalore,138,132,2894,4077,30.88636364,8.452660677,21.92424242,20.97101449,0.956521739
470,Umar Gul,Kolkata Knight Riders,6,12,135,184,15.33333333,8.177777778,11.25,22.5,2
471,Umran Malik,Sunrisers Hyderabad,25,27,487,758,28.07407407,9.338809035,18.03703704,19.48,1.08
472,V Kohli,Royal Challengers Bangalore,26,4,251,368,92,8.796812749,62.75,9.653846154,0.153846154
473,V Pratap Singh,Deccan Chargers,9,10,204,296,29.6,8.705882353,20.4,22.66666667,1.111111111
474,V Sehwag,Delhi Daredevils,15,6,136,235,39.16666667,10.36764706,22.66666667,9.066666667,0.4
475,V Shankar,Sunrisers Hyderabad/Delhi Daredevils/Gujarat Titans/Chennai Super Kings,20,7,196,305,43.57142857,9.336734694,28,9.8,0.35
476,VG Arora,Punjab Kings/Kolkata Knight Riders,10,8,203,310,38.75,9.162561576,25.375,20.3,0.8
477,VR Aaron,Delhi Daredevils/Royal Challengers Bangalore/Rajasthan Royals/Kings XI Punjab/Gujarat Titans,49,44,988,1458,33.13636364,8.854251012,22.45454545,20.16326531,0.897959184
478,VR Iyer,Kolkata Knight Riders,8,3,75,115,38.33333333,9.2,25,9.375,0.375
479,VRV Singh,Kings XI Punjab,18,12,360,542,45.16666667,9.033333333,30,20,0.666666667
480,VS Malik,Kings XI Punjab/Rajasthan Royals,13,6,205,261,43.5,7.63902439,34.16666667,15.76923077,0.461538462
481,VS Yeligati,Mumbai Indians,2,0,30,59,0,11.8,0,15,0
482,VY Mahesh,Delhi Daredevils/Chennai Super Kings,17,21,339,499,23.76190476,8.831858407,16.14285714,19.94117647,1.235294118
483,Vijaykumar Vyshak,Royal Challengers Bangalore,7,9,144,253,28.11111111,10.54166667,16,20.57142857,1.285714286
484,Vivrant Sharma,Sunrisers Hyderabad,2,0,18,37,0,12.33333333,0,9,0
485,WA Mota,Kings XI Punjab,7,4,72,97,24.25,8.083333333,18,10.28571429,0.571428571
486,WD Parnell,Delhi Daredevils/Pune Warriors/Royal Challengers Bangalore,33,35,723,937,26.77142857,7.77593361,20.65714286,21.90909091,1.060606061
487,WPUJC Vaas,Deccan Chargers,13,18,282,355,19.72222222,7.553191489,15.66666667,21.69230769,1.384615385
488,Washington Sundar,Sunrisers Hyderabad/Royal Challengers Bangalore/Rising Pune Supergiant,55,34,1000,1240,36.47058824,7.44,29.41176471,18.18181818,0.618181818
489,Y Gnaneswara Rao,Kochi Tuskers Kerala,1,0,6,7,0,7,0,6,0
490,Y Nagar,Delhi Daredevils,8,3,66,125,41.66666667,11.36363636,22,8.25,0.375
491,Y Prithvi Raj,Kolkata Knight Riders,2,1,30,57,57,11.4,30,15,0.5
492,Y Venugopal Rao,Delhi Daredevils/Deccan Chargers/Sunrisers Hyderabad,20,6,216,337,56.16666667,9.361111111,36,10.8,0.3
493,YA Abdulla,Kings XI Punjab,11,15,209,307,20.46666667,8.813397129,13.93333333,19,1.363636364
494,YBK Jaiswal,Rajasthan Royals,1,0,1,6,0,36,0,1,0
495,YK Pathan,Rajasthan Royals/Kolkata Knight Riders/Sunrisers Hyderabad,81,40,1123,1388,34.7,7.415850401,28.075,13.86419753,0.49382716
496,YS Chahal,Rajasthan Royals/Royal Challengers Bangalore/Mumbai Indians,141,180,3129,3982,22.12222222,7.635666347,17.38333333,22.19148936,1.276595745
497,Yash Dayal,Gujarat Titans,14,13,276,461,35.46153846,10.02173913,21.23076923,19.71428571,0.928571429
498,Yash Thakur,Lucknow Super Giants,9,13,191,289,22.23076923,9.078534031,14.69230769,21.22222222,1.444444444
499,Yudhvir Singh,Lucknow Super Giants,3,3,48,70,23.33333333,8.75,16,16,1
500,Yuvraj Singh,Royal Challengers Bangalore/Delhi Daredevils/Pune Warriors/Kings XI Punjab/Sunrisers Hyderabad,71,33,851,1051,31.84848485,7.410105758,25.78787879,11.98591549,0.464788732
501,Z Khan,Royal Challengers Bangalore/Delhi Daredevils/Mumbai Indians,98,101,2199,2782,27.54455446,7.590723056,21.77227723,22.43877551,1.030612245